depth,measured,predicted
3500.0,10.0,10.007144
3500.125,10.0,10.03026
3500.25,10.0,10.004203
3500.375,10.0,10.003159
3500.5,10.0,9.981519
3500.625,10.0,10.006134
3500.75,10.0,10.000488
3500.875,10.0,9.960021
3501.0,10.0,10.015992
3501.125,10.0,9.988281
3501.25,10.0,9.996642
3501.375,10.0,9.998967
3501.5,10.0,9.999733
3501.625,10.0,10.014757
3501.75,10.0,10.000148
3501.875,10.0,10.011064
3502.0,10.0,10.007378
3502.125,10.0,10.0168295
3502.25,10.0,10.008086
3502.375,10.0,10.00996
3502.5,10.0,10.002472
3502.625,10.0,10.006922
3502.75,10.0,10.006987
3502.875,10.0,10.022058
3503.0,10.0,10.005368
3503.125,10.0,10.015711
3503.25,10.0,10.013694
3503.375,10.0,9.988491
3503.5,10.0,10.002881
3503.625,10.0,10.024636
3503.75,10.0,10.0057745
3503.875,10.0,10.001852
3504.0,10.0,10.000827
3504.125,10.0,10.003951
3504.25,10.0,10.0199585
3504.375,10.0,10.046288
3504.5,10.0,9.853472
3504.625,10.0,9.869151
3504.75,10.0,9.865977
3504.875,10.0,9.991363
3505.0,10.0,10.144675
3505.125,10.0,9.99092
3505.25,10.0,10.007608
3505.375,10.0,10.021545
3505.5,10.0,9.815422
3505.625,10.0,9.639421
3505.75,10.0,9.722905
3505.875,10.0,9.784714
3506.0,10.0,9.85868
3506.125,10.0,9.924059
3506.25,10.0,9.98925
3506.375,10.0,9.984685
3506.5,10.0,10.04694
3506.625,10.0,9.989903
3506.75,10.0,9.934245
3506.875,10.0,10.87895
3507.0,10.0,9.843636
3507.125,10.0,9.853588
3507.25,10.0,10.038626
3507.375,10.0,10.016596
3507.5,10.0,9.982205
3507.625,10.0,9.982906
3507.75,10.0,10.001672
3507.875,10.0,10.010827
3508.0,10.0,9.961772
3508.125,10.0,10.006604
3508.25,10.0,10.000523
3508.375,10.0,10.004885
3508.5,10.0,9.996882
3508.625,10.0,9.996151
3508.75,10.0,10.022797
3508.875,10.0,9.870295
3509.0,10.0,9.922064
3509.125,10.0,10.007297
3509.25,10.0,9.987975
3509.375,10.0,10.0278015
3509.5,10.0,10.016286
3509.625,10.0,10.028122
3509.75,10.0,9.997666
3509.875,10.0,10.052009
3510.0,10.0,10.009436
3510.125,10.0,10.018096
3510.25,10.0,9.978857
3510.375,10.0,9.991135
3510.5,10.0,9.988103
3510.625,10.0,9.990547
3510.75,10.0,9.998338
3510.875,10.0,9.99386
3511.0,10.0,9.996301
3511.125,10.0,9.992521
3511.25,10.0,9.991198
3511.375,10.0,10.010659
3511.5,10.0,10.003091
3511.625,10.0,10.003882
3511.75,10.0,9.985292
3511.875,10.0,9.971658
3512.0,10.0,9.983253
3512.125,10.0,9.982339
3512.25,10.0,9.994998
3512.375,10.0,9.995548
3512.5,10.0,9.991012
3512.625,10.0,10.004405
3512.75,10.0,9.988218
3512.875,10.0,9.978263
3513.0,10.0,10.007231
3513.125,10.0,10.004206
3513.25,10.0,10.014666
3513.375,10.0,10.012817
3513.5,10.0,10.12372
3513.625,10.0,9.966391
3513.75,10.0,10.020471
3513.875,10.0,10.0016165
3514.0,10.0,9.996786
3514.125,10.0,9.984256
3514.25,10.0,9.993546
3514.375,10.0,10.045271
3514.5,10.0,9.994691
3514.625,10.0,10.022032
3514.75,10.0,10.011392
3514.875,10.0,10.030176
3515.0,10.0,10.097331
3515.125,10.0,10.002112
3515.25,10.0,10.013562
3515.375,10.0,10.0073595
3515.5,10.0,10.000738
3515.625,10.0,10.003088
3515.75,10.0,9.998309
3515.875,10.0,10.0034
3516.0,10.0,9.982011
3516.125,10.0,9.980351
3516.25,10.0,10.006105
3516.375,10.0,10.002026
3516.5,10.0,9.986176
3516.625,10.0,9.995439
3516.75,10.0,10.023511
3516.875,10.0,10.040036
3517.0,10.0,10.1063595
3517.125,10.0,9.987152
3517.25,10.0,10.011919
3517.375,10.0,10.022263
3517.5,10.0,9.996408
3517.625,10.0,10.005223
3517.75,10.0,10.022116
3517.875,10.0,10.018698
3518.0,10.0,10.019283
3518.125,10.0,10.01445
3518.25,10.0,10.004817
3518.375,10.0,9.990506
3518.5,10.0,9.999442
3518.625,10.0,10.014161
3518.75,10.0,10.016425
3518.875,10.0,9.983145
3519.0,10.0,10.007598
3519.125,10.0,9.998427
3519.25,10.0,10.023553
3519.375,10.0,10.009704
3519.5,10.0,10.074614
3519.625,10.0,9.975412
3519.75,10.0,10.088437
3519.875,10.0,9.99952
3520.0,10.0,9.978273
3520.125,10.0,9.983889
3520.25,10.0,10.018553
3520.375,10.0,10.021175
3520.5,10.0,10.029632
3520.625,10.0,9.85062
3520.75,10.0,9.838277
3520.875,10.0,9.91463
3521.0,10.0,9.780914
3521.125,10.0,9.772699
3521.25,10.0,10.009599
3521.375,10.0,10.022915
3521.5,10.0,10.027002
3521.625,10.0,10.017455
3521.75,10.0,9.98919
3521.875,10.0,10.010158
3522.0,10.0,10.01501
3522.125,10.0,9.950386
3522.25,10.0,10.026799
3522.375,10.0,10.023566
3522.5,10.0,10.041555
3522.625,10.0,9.977156
3522.75,10.0,10.026516
3522.875,10.0,9.919132
3523.0,10.0,10.021357
3523.125,10.0,10.0337715
3523.25,10.0,10.00916
3523.375,10.0,9.972477
3523.5,10.0,10.068698
3523.625,10.0,10.028062
3523.75,10.0,10.00727
3523.875,10.0,10.019822
3524.0,10.0,10.026834
3524.125,10.0,9.997787
3524.25,10.0,10.0132265
3524.375,10.0,9.999429
3524.5,10.0,10.023885
3524.625,10.0,9.956081
3524.75,10.0,9.998506
3524.875,10.0,9.986987
3525.0,10.0,10.052623
3525.125,10.0,9.901163
3525.25,10.0,9.9885435
3525.375,10.0,9.993548
3525.5,10.0,9.9741745
3525.625,10.0,10.001819
3525.75,10.0,9.988338
3525.875,10.0,10.000659
3526.0,10.0,10.034997
3526.125,10.0,9.995514
3526.25,10.0,9.978953
3526.375,10.0,9.994193
3526.5,10.0,9.952548
3526.625,10.0,10.061649
3526.75,10.0,10.001477
3526.875,10.0,9.875681
3527.0,10.0,10.087342
3527.125,10.0,9.966728
3527.25,10.0,10.013644
3527.375,10.0,10.007502
3527.5,10.0,9.838487
3527.625,10.0,10.006979
3527.75,10.0,9.955279
3527.875,10.0,10.01673
3528.0,10.0,9.986054
3528.125,10.0,10.004985
3528.25,10.0,9.997035
3528.375,10.0,10.002952
3528.5,10.0,10.302275
3528.625,10.0,10.041219
3528.75,10.0,10.043707
3528.875,10.0,10.04333
3529.0,10.0,10.020768
3529.125,10.0,10.016892
3529.25,10.0,10.065118
3529.375,10.0,9.974418
3529.5,10.0,9.937843
3529.625,10.0,9.991853
3529.75,10.0,9.987377
3529.875,10.0,9.945711
3530.0,10.0,10.014435
3530.125,10.0,9.8328495
3530.25,10.0,9.950454
3530.375,10.0,10.106076
3530.5,10.0,9.87886
3530.625,10.0,10.501969
3530.75,10.0,10.031756
3530.875,10.0,10.04678
3531.0,10.0,10.035544
3531.125,10.0,10.006805
3531.25,10.0,10.004748
3531.375,10.0,10.008212
3531.5,10.0,9.989634
3531.625,10.0,9.990301
3531.75,10.0,9.9906025
3531.875,10.0,9.97671
3532.0,10.0,9.955107
3532.125,10.0,9.99796
3532.25,10.0,10.003166
3532.375,10.0,9.990451
3532.5,10.0,9.938985
3532.625,10.0,9.91831
3532.75,10.0,10.043507
3532.875,10.0,10.043145
3533.0,10.0,9.945782
3533.125,10.0,10.094339
3533.25,10.0,9.924705
3533.375,10.0,10.019961
3533.5,10.0,10.000601
3533.625,10.0,10.047206
3533.75,10.0,10.0804825
3533.875,10.0,10.04512
3534.0,10.0,10.046458
3534.125,10.0,9.991237
3534.25,10.0,9.975106
3534.375,10.0,9.995352
3534.5,10.0,10.078469
3534.625,10.0,9.86507
3534.75,10.0,9.824048
3534.875,10.0,9.959318
3535.0,10.0,9.994494
3535.125,10.0,10.027628
3535.25,10.0,9.978068
3535.375,10.0,10.053606
3535.5,10.0,9.977087
3535.625,10.0,9.991554
3535.75,10.0,10.010084
3535.875,10.0,10.009058
3536.0,10.0,10.012037
3536.125,10.0,9.99044
3536.25,10.0,10.1747465
3536.375,10.0,9.978841
3536.5,10.0,9.971114
3536.625,10.0,10.027875
3536.75,10.0,10.083891
3536.875,10.0,9.980509
3537.0,10.0,9.953514
3537.125,10.0,10.000139
3537.25,10.0,10.020571
3537.375,10.0,9.840084
3537.5,10.0,10.019394
3537.625,10.0,10.015419
3537.75,10.0,9.982207
3537.875,10.0,9.998585
3538.0,10.0,10.014857
3538.125,10.0,9.969006
3538.25,10.0,9.968582
3538.375,10.0,10.025793
3538.5,10.0,10.015616
3538.625,10.0,10.036831
3538.75,10.0,9.813535
3538.875,10.0,10.052549
3539.0,10.0,9.998721
3539.125,10.0,9.977216
3539.25,10.0,10.012651
3539.375,10.0,10.092205
3539.5,10.0,9.967321
3539.625,10.0,10.016076
3539.75,10.0,9.981898
3539.875,10.0,9.992346
3540.0,10.0,9.976449
3540.125,10.0,10.009168
3540.25,10.0,9.903097
3540.375,10.0,9.999841
3540.5,10.0,10.010546
3540.625,10.0,10.008805
3540.75,10.0,9.979645
3540.875,10.0,9.994773
3541.0,10.0,10.037197
3541.125,10.0,10.06362
3541.25,10.0,9.975114
3541.375,10.0,10.024741
3541.5,10.0,10.0180645
3541.625,10.0,10.041748
3541.75,10.0,10.006937
3541.875,10.0,10.010914
3542.0,10.0,10.01974
3542.125,10.0,10.023653
3542.25,10.0,10.370046
3542.375,10.0,9.9086075
3542.5,10.0,9.876337
3542.625,10.0,10.233418
3542.75,10.0,10.14207
3542.875,10.0,9.860386
3543.0,10.0,9.954112
3543.125,10.0,9.853901
3543.25,10.0,10.134953
3543.375,10.0,9.983428
3543.5,10.0,10.045866
3543.625,10.0,10.082409
3543.75,10.0,9.773673
3543.875,10.0,10.085889
3544.0,10.0,10.014017
3544.125,10.0,9.887384
3544.25,10.0,10.022613
3544.375,10.0,10.015118
3544.5,10.0,10.052778
3544.625,10.0,10.016491
3544.75,10.0,9.997722
3544.875,10.0,10.019031
3545.0,10.0,9.991407
3545.125,10.0,10.0114355
3545.25,10.0,10.105759
3545.375,10.0,9.976964
3545.5,10.0,10.032556
3545.625,10.0,9.999982
3545.75,10.0,10.031544
3545.875,10.0,9.984981
3546.0,10.0,10.010173
3546.125,10.0,10.038629
3546.25,10.0,11.629984
3546.375,10.0,10.012903
3546.5,10.0,9.978354
3546.625,10.0,9.994617
3546.75,10.0,10.094345
3546.875,10.0,10.007446
3547.0,10.0,9.909445
3547.125,10.0,10.424468
3547.25,10.0,9.8712635
3547.375,10.0,10.041253
3547.5,10.0,10.021301
3547.625,10.0,9.991156
3547.75,10.0,9.986712
3547.875,10.0,10.058379
3548.0,10.0,9.838712
3548.125,10.0,10.112431
3548.25,10.0,9.997101
3548.375,10.0,9.998734
3548.5,10.0,9.999319
3548.625,10.0,9.988439
3548.75,10.0,10.098911
3548.875,10.0,10.084639
3549.0,10.0,10.023253
3549.125,10.0,10.018813
3549.25,10.0,9.981571
3549.375,10.0,10.043915
3549.5,10.0,10.0323715
3549.625,10.0,10.011769
3549.75,10.0,10.028522
3549.875,10.0,10.015362
3550.0,10.0,9.974209
3550.125,10.0,9.951947
3550.25,10.0,9.773647
3550.375,10.0,9.83527
3550.5,10.0,10.108984
3550.625,10.0,9.989101
3550.75,10.0,9.667213
3550.875,10.0,10.0116825
3551.0,10.0,9.9786005
3551.125,10.0,10.167063
3551.25,10.0,10.010779
3551.375,10.0,10.082108
3551.5,10.0,10.026889
3551.625,10.0,10.01257
3551.75,10.0,10.0222
3551.875,10.0,10.12253
3552.0,10.0,10.123811
3552.125,10.0,10.092752
3552.25,10.0,10.084847
3552.375,10.0,10.080868
3552.5,10.0,10.019845
3552.625,10.0,9.96252
3552.75,10.0,10.008147
3552.875,10.0,10.004733
3553.0,10.0,9.964056
3553.125,10.0,10.050752
3553.25,10.0,10.041129
3553.375,10.0,9.988038
3553.5,10.0,10.008654
3553.625,10.0,9.981985
3553.75,10.0,9.99532
3553.875,10.0,10.028626
3554.0,10.0,9.823564
3554.125,10.0,9.955653
3554.25,10.0,9.897395
3554.375,10.0,9.884356
3554.5,10.0,9.840471
3554.625,10.0,9.926872
3554.75,10.0,10.107498
3554.875,10.0,26.114311
3555.0,10.0,17.567646
3555.125,10.0,13.792526
3555.25,10.0,18.360056
3555.375,10.0,10.17816
3555.5,10.0,10.53178
3555.625,10.0,9.7763195
3555.75,10.0,9.906581
3555.875,10.0,9.925163
3556.0,10.0,9.811181
3556.125,10.0,9.950613
3556.25,10.0,9.98293
3556.375,10.0,10.025741
3556.5,10.0,9.987697
3556.625,10.0,9.982815
3556.75,10.0,10.014372
3556.875,10.0,9.843749
3557.0,10.0,10.004811
3557.125,10.0,9.99543
3557.25,10.0,9.968642
3557.375,10.0,9.825837
3557.5,10.0,9.988847
3557.625,10.0,9.835996
3557.75,10.0,10.598848
3557.875,10.0,10.197907
3558.0,10.0,9.88836
3558.125,10.0,10.669906
3558.25,10.0,10.002872
3558.375,10.0,9.902549
3558.5,10.0,10.089902
3558.625,10.0,9.975384
3558.75,10.0,10.1729
3558.875,10.0,9.810493
3559.0,10.0,9.826774
3559.125,10.0,10.094821
3559.25,10.0,9.982038
3559.375,10.0,10.016013
3559.5,10.0,10.012993
3559.625,10.0,10.052974
3559.75,10.0,9.979859
3559.875,10.0,9.975933
3560.0,10.0,10.027375
3560.125,10.0,9.982705
3560.25,10.0,9.996584
3560.375,10.0,9.807746
3560.5,10.0,9.944096
3560.625,10.0,9.884454
3560.75,10.0,10.038823
3560.875,10.0,10.039016
3561.0,10.0,10.110049
3561.125,10.0,10.019255
3561.25,10.0,9.999791
3561.375,10.0,10.050789
3561.5,10.0,9.995481
3561.625,10.0,9.960217
3561.75,121.251,118.4851
3561.875,123.04,123.682304
3562.0,126.414,92.86116
3562.125,128.397,125.03532
3562.25,127.336,125.48885
3562.375,124.117,128.11308
3562.5,122.04,125.35611
3562.625,122.548,118.86367
3562.75,124.366,121.140785
3562.875,124.29,142.20863
3563.0,121.441,132.08524
3563.125,117.94,130.40892
3563.25,116.596,128.26389
3563.375,117.547,121.32852
3563.5,118.745,126.161934
3563.625,119.649,125.54206
3563.75,121.416,128.28584
3563.875,123.891,117.5807
3564.0,125.428,124.14708
3564.125,124.895,125.064766
3564.25,123.428,100.04156
3564.375,122.735,116.871284
3564.5,124.396,120.24854
3564.625,128.133,130.20938
3564.75,132.6,130.0212
3564.875,135.623,131.07852
3565.0,136.557,30.874872
3565.125,135.822,130.18066
3565.25,134.764,136.12851
3565.375,134.698,139.69846
3565.5,136.208,133.48889
3565.625,137.601,141.8766
3565.75,136.478,104.80066
3565.875,131.358,132.15671
3566.0,124.474,135.41496
3566.125,118.832,115.62099
3566.25,116.938,114.561195
3566.375,118.002,111.31948
3566.5,120.78,119.86064
3566.625,123.834,122.77923
3566.75,126.257,125.815575
3566.875,127.501,123.83495
3567.0,127.289,129.62924
3567.125,125.91,132.4661
3567.25,124.044,128.08963
3567.375,122.62,123.67909
3567.5,121.895,121.65982
3567.625,121.847,122.60842
3567.75,122.551,95.833984
3567.875,123.788,128.33887
3568.0,123.992,138.7392
3568.125,122.228,133.64668
3568.25,119.458,126.49848
3568.375,118.535,108.577484
3568.5,120.599,128.57541
3568.625,124.606,126.822876
3568.75,128.083,129.5473
3568.875,129.694,133.88058
3569.0,129.3,125.97471
3569.125,128.748,128.3929
3569.25,129.213,129.52998
3569.375,130.39,132.16115
3569.5,130.92,131.83614
3569.625,130.421,132.27867
3569.75,129.332,133.17624
3569.875,127.534,129.39555
3570.0,124.594,125.73463
3570.125,121.344,122.65458
3570.25,118.94,122.318886
3570.375,117.889,112.56888
3570.5,118.222,115.061295
3570.625,119.891,120.18698
3570.75,122.15,118.889336
3570.875,124.04,158.77678
3571.0,125.582,143.09933
3571.125,127.065,130.82823
3571.25,128.062,132.6562
3571.375,127.376,116.10903
3571.5,124.165,114.17149
3571.625,119.825,122.79239
3571.75,117.145,127.650085
3571.875,118.407,133.31848
3572.0,122.018,133.17804
3572.125,124.719,121.1649
3572.25,125.328,129.28772
3572.375,125.509,124.46968
3572.5,127.507,129.10378
3572.625,130.04,132.71567
3572.75,130.469,132.48741
3572.875,128.411,129.19736
3573.0,127.448,129.49153
3573.125,129.319,125.22808
3573.25,130.465,137.26393
3573.375,127.932,111.00073
3573.5,123.444,86.29978
3573.625,121.695,131.82745
3573.75,124.109,122.059135
3573.875,130.552,113.92841
3574.0,138.839,135.43929
3574.125,146.149,149.32487
3574.25,148.904,145.66731
3574.375,184.684,162.75377
3574.5,183.093,193.83357
3574.625,182.936,177.95438
3574.75,183.312,185.63513
3574.875,183.109,195.53038
3575.0,181.976,179.84839
3575.125,180.508,176.24266
3575.25,179.316,174.03111
3575.375,178.149,177.48405
3575.5,176.044,189.77429
3575.625,171.76,177.63092
3575.75,165.475,161.26596
3575.875,158.101,162.4959
3576.0,155.22,149.77686
3576.125,151.713,155.5419
3576.25,149.486,165.32886
3576.375,147.712,147.07153
3576.5,150.228,142.69696
3576.625,152.374,150.37334
3576.75,153.702,147.12047
3576.875,155.138,153.12634
3577.0,156.527,163.95676
3577.125,157.891,168.57034
3577.25,160.027,169.66121
3577.375,163.361,162.17914
3577.5,166.22,160.2995
3577.625,166.858,163.84793
3577.75,165.257,165.78426
3577.875,163.346,168.9231
3578.0,162.392,169.40523
3578.125,162.785,165.95366
3578.25,164.451,162.51282
3578.375,167.14,165.65022
3578.5,169.555,170.56339
3578.625,170.548,172.08806
3578.75,169.113,171.31955
3578.875,162.959,176.13132
3579.0,153.048,150.19456
3579.125,141.156,145.88344
3579.25,133.228,140.99847
3579.375,133.228,148.70804
3579.5,135.21,151.47504
3579.625,137.192,128.33153
3579.75,143.138,147.96199
3579.875,149.084,158.02756
3580.0,153.048,155.71085
3580.125,160.977,164.22638
3580.25,164.941,173.5373
3580.375,170.887,174.59906
3580.5,167.639,174.59538
3580.625,160.346,174.11852
3580.75,150.897,149.60332
3580.875,142.405,143.1781
3581.0,137.537,141.80562
3581.125,138.375,140.48352
3581.25,143.846,150.44936
3581.375,149.155,154.26393
3581.5,149.291,150.56299
3581.625,144.269,142.4371
3581.75,138.531,130.63463
3581.875,137.632,141.86986
3582.0,142.111,134.11496
3582.125,149.435,148.39926
3582.25,155.684,143.6216
3582.375,158.819,154.34325
3582.5,159.514,150.55424
3582.625,161.285,148.85281
3582.75,165.81,146.4958
3582.875,171.246,154.91428
3583.0,173.711,139.09187
3583.125,172.434,79.64848
3583.25,168.144,25.917229
3583.375,161.382,152.91806
3583.5,152.322,148.13562
3583.625,144.565,143.1308
3583.75,144.415,116.23273
3583.875,154.231,157.81886
3584.0,169.432,77.92291
3584.125,182.477,179.12811
3584.25,189.585,189.60898
3584.375,191.465,160.60823
3584.5,191.192,187.73071
3584.625,190.946,187.75078
3584.75,191.582,190.67892
3584.875,192.691,186.27744
3585.0,193.991,185.13174
3585.125,195.166,191.30833
3585.25,195.434,189.79576
3585.375,193.862,187.92528
3585.5,191.138,190.7035
3585.625,188.519,192.54399
3585.75,187.053,181.56749
3585.875,186.449,162.2369
3586.0,186.407,183.96016
3586.125,186.426,189.00163
3586.25,185.628,188.1463
3586.375,183.519,191.24388
3586.5,181.483,186.39366
3586.625,181.253,186.14069
3586.75,183.569,184.8624
3586.875,186.295,180.18294
3587.0,187.898,182.25172
3587.125,188.449,192.71637
3587.25,188.709,192.60399
3587.375,188.46,193.46677
3587.5,187.377,181.36417
3587.625,185.977,171.53473
3587.75,185.071,185.13716
3587.875,185.124,192.10805
3588.0,185.585,192.37047
3588.125,184.971,190.97383
3588.25,182.456,186.7081
3588.375,179.271,165.71548
3588.5,177.681,175.77304
3588.625,177.438,161.53731
3588.75,177.409,169.96666
3588.875,176.971,171.64113
3589.0,175.919,175.07321
3589.125,173.918,172.54012
3589.25,171.895,131.2879
3589.375,171.143,160.39537
3589.5,171.563,164.8018
3589.625,171.811,166.20845
3589.75,171.917,155.38
3589.875,173.122,174.9667
3590.0,175.526,173.54887
3590.125,178.021,173.66743
3590.25,179.301,172.89224
3590.375,179.532,175.49922
3590.5,179.489,182.19388
3590.625,179.685,188.44806
3590.75,179.349,187.65396
3590.875,177.817,190.6442
3591.0,176.402,188.45573
3591.125,176.428,182.64781
3591.25,177.615,180.96112
3591.375,178.507,182.23958
3591.5,178.885,188.13557
3591.625,179.231,192.11081
3591.75,179.872,197.7094
3591.875,181.368,202.99115
3592.0,184.217,187.28145
3592.125,187.265,181.81316
3592.25,188.967,190.04001
3592.375,189.361,193.95216
3592.5,189.439,184.13187
3592.625,188.847,189.1054
3592.75,186.648,192.07463
3592.875,183.152,174.49359
3593.0,179.291,181.48186
3593.125,176.237,71.47438
3593.25,175.253,188.18689
3593.375,177.359,165.64816
3593.5,180.691,154.11763
3593.625,182.892,174.48096
3593.75,182.7,174.98457
3593.875,181.438,185.00443
3594.0,180.757,138.11127
3594.125,181.338,65.99362
3594.25,182.362,186.192
3594.375,182.27,189.00253
3594.5,180.552,173.47888
3594.625,178.262,168.36348
3594.75,176.692,182.70781
3594.875,175.306,181.77385
3595.0,173.309,173.6641
3595.125,171.863,162.30104
3595.25,172.929,163.12524
3595.375,176.404,176.24165
3595.5,179.449,170.1199
3595.625,180.626,172.42621
3595.75,180.85,175.0204
3595.875,182.041,182.98027
3596.0,184.659,188.9633
3596.125,188.108,193.00507
3596.25,190.486,200.61198
3596.375,190.313,203.74893
3596.5,187.915,197.77449
3596.625,186.254,195.00919
3596.75,186.942,185.57979
3596.875,188.534,184.31274
3597.0,188.743,186.78267
3597.125,187.78,193.85495
3597.25,188.425,180.56918
3597.375,191.262,184.38045
3597.5,193.761,184.93065
3597.625,193.301,191.8722
3597.75,190.579,194.70856
3597.875,188.096,176.38911
3598.0,187.142,157.9547
3598.125,130.7,142.90137
3598.25,132.223,139.98624
3598.375,135.698,134.41772
3598.5,141.1,143.87683
3598.625,146.5,156.90297
3598.75,149.472,137.48656
3598.875,148.572,147.52629
3599.0,145.21,151.66544
3599.125,140.985,145.51772
3599.25,136.386,141.76286
3599.375,131.553,136.95355
3599.5,127.38,130.68423
3599.625,125.526,138.77933
3599.75,125.807,134.96582
3599.875,127.192,135.52812
3600.0,128.272,139.39354
3600.125,128.753,137.38068
3600.25,129.373,136.88588
3600.375,130.744,138.57718
3600.5,132.22,133.30766
3600.625,132.595,126.23315
3600.75,131.199,128.61737
3600.875,128.094,140.14969
3601.0,124.121,138.70535
3601.125,121.477,119.76841
3601.25,121.692,122.50555
3601.375,124.293,123.344475
3601.5,126.391,123.52076
3601.625,126.347,129.00511
3601.75,125.313,126.230354
3601.875,125.136,121.92465
3602.0,125.093,127.95521
3602.125,122.203,125.97829
3602.25,116.713,116.83408
3602.375,114.053,115.630165
3602.5,118.921,113.91471
3602.625,128.83,137.23546
3602.75,136.683,132.19157
3602.875,139.463,135.29753
3603.0,138.861,141.83429
3603.125,138.113,136.37439
3603.25,137.593,133.22014
3603.375,136.027,136.25777
3603.5,133.051,133.50018
3603.625,130.181,131.04874
3603.75,129.582,128.84929
3603.875,131.582,132.34256
3604.0,134.403,138.96968
3604.125,136.008,138.84006
3604.25,136.544,138.01114
3604.375,137.107,137.64626
3604.5,138.189,138.52122
3604.625,139.608,143.7961
3604.75,141.563,144.60396
3604.875,143.643,139.27235
3605.0,144.247,142.00494
3605.125,141.882,141.07594
3605.25,138.012,142.85266
3605.375,135.829,135.70154
3605.5,137.442,141.47845
3605.625,139.959,150.68265
3605.75,138.795,145.9926
3605.875,130.593,118.432526
3606.0,119.928,121.11551
3606.125,112.947,114.63726
3606.25,114.401,115.48193
3606.375,121.168,123.84103
3606.5,128.493,123.95746
3606.625,132.66,124.83043
3606.75,133.814,127.53628
3606.875,133.478,126.48371
3607.0,132.827,126.18941
3607.125,131.787,125.970955
3607.25,130.929,128.40186
3607.375,131.471,130.86696
3607.5,133.466,134.6061
3607.625,135.146,138.85846
3607.75,134.655,138.82639
3607.875,131.716,134.16374
3608.0,127.597,128.11894
3608.125,124.22,127.17181
3608.25,123.515,126.255226
3608.375,125.609,126.06944
3608.5,128.558,128.88812
3608.625,130.508,132.15227
3608.75,131.413,133.55502
3608.875,132.411,133.63834
3609.0,134.246,135.34544
3609.125,136.151,135.52194
3609.25,137.146,131.96288
3609.375,135.925,132.63287
3609.5,132.552,133.71141
3609.625,128.616,137.11125
3609.75,127.486,129.64082
3609.875,130.226,127.79261
3610.0,135.103,133.32848
3610.125,138.407,139.87859
3610.25,138.854,140.4709
3610.375,137.505,136.6398
3610.5,136.866,140.65613
3610.625,137.556,144.86475
3610.75,138.585,140.69734
3610.875,139.039,141.93063
3611.0,138.963,139.27208
3611.125,138.396,142.55109
3611.25,137.124,143.68146
3611.375,135.828,139.93031
3611.5,136.04,137.0062
3611.625,137.285,140.88496
3611.75,138.024,143.03963
3611.875,138.392,139.8888
3612.0,139.758,139.21603
3612.125,142.002,136.76312
3612.25,142.38,136.7084
3612.375,138.93,138.02129
3612.5,132.062,136.6486
3612.625,155.592,154.15425
3612.75,153.642,148.99043
3612.875,158.615,156.58089
3613.0,167.357,166.91164
3613.125,174.827,178.57333
3613.25,177.57,178.9595
3613.375,176.443,178.3883
3613.5,174.303,172.14088
3613.625,173.372,174.02142
3613.75,173.378,175.01855
3613.875,173.507,170.07356
3614.0,173.436,176.18056
3614.125,173.258,172.55684
3614.25,173.737,175.4431
3614.375,175.638,176.01428
3614.5,178.979,177.58817
3614.625,182.373,177.9578
3614.75,184.712,182.6591
3614.875,185.712,182.80418
3615.0,183.44,181.33008
3615.125,183.44,183.46103
3615.25,178.714,177.92477
3615.375,172.31,170.19833
3615.5,166.006,165.1692
3615.625,162.394,159.80878
3615.75,158.599,160.98688
3615.875,158.599,166.4138
3616.0,158.599,159.43861
3616.125,165.31,169.0206
3616.25,170.522,175.12988
3616.375,173.519,174.6314
3616.5,175.441,180.67216
3616.625,177.365,178.96758
3616.75,179.269,184.96169
3616.875,181.012,180.15633
3617.0,181.012,170.57867
3617.125,185.014,179.98038
3617.25,185.612,185.68756
3617.375,183.792,193.07344
3617.5,180.939,188.36975
3617.625,179.208,187.72044
3617.75,179.738,191.2337
3617.875,181.246,191.58473
3618.0,181.608,187.2819
3618.125,179.488,178.95282
3618.25,175.276,173.1459
3618.375,170.543,167.82922
3618.5,167.834,164.43584
3618.625,168.601,160.59204
3618.75,172.587,166.05185
3618.875,177.32,180.24101
3619.0,181.65,172.10985
3619.125,185.949,185.66077
3619.25,190.372,201.05421
3619.375,194.011,196.80902
3619.5,195.598,195.07733
3619.625,194.988,184.1189
3619.75,192.793,196.43774
3619.875,190.554,194.5812
3620.0,172.688,170.26799
3620.125,173.057,139.98112
3620.25,174.05,165.90352
3620.375,174.707,178.88795
3620.5,174.32,174.3259
3620.625,173.121,176.35164
3620.75,171.561,172.1702
3620.875,169.97,168.01988
3621.0,168.177,173.01833
3621.125,166.347,162.46861
3621.25,165.551,160.8003
3621.375,166.45,165.05016
3621.5,168.797,162.6722
3621.625,170.678,180.21024
3621.75,170.46,167.19836
3621.875,167.278,165.07843
3622.0,162.842,165.78856
3622.125,159.067,167.80411
3622.25,156.683,154.10986
3622.375,154.56,144.80244
3622.5,152.392,149.46701
3622.625,151.534,148.21358
3622.75,152.63,146.38219
3622.875,154.316,148.1426
3623.0,154.099,153.83482
3623.125,151.688,151.976
3623.25,149.306,160.62549
3623.375,149.995,192.01138
3623.5,154.749,148.34741
3623.625,162.048,199.59705
3623.75,168.711,172.1195
3623.875,172.554,185.69246
3624.0,172.643,168.63327
3624.125,169.632,154.566
3624.25,164.108,166.21802
3624.375,157.681,205.77568
3624.5,152.376,157.24706
3624.625,150.1,150.88016
3624.75,150.327,152.0824
3624.875,151.894,157.35847
3625.0,154.172,156.64989
3625.125,156.64,157.29695
3625.25,158.402,165.48883
3625.375,158.44,153.37738
3625.5,157.373,158.22218
3625.625,156.257,212.70903
3625.75,155.509,189.31192
3625.875,154.695,158.31818
3626.0,153.193,155.38657
3626.125,150.962,197.186
3626.25,148.64,173.49211
3626.375,146.377,157.66187
3626.5,142.39,178.02394
3626.625,134.658,186.01793
3626.75,123.108,130.66414
3626.875,111.855,109.01675
3627.0,91.273,91.15464
3627.125,88.578,91.79463
3627.25,87.742,88.22803
3627.375,87.082,83.39988
3627.5,86.173,85.81086
3627.625,85.192,102.33121
3627.75,84.413,82.704346
3627.875,84.22,83.80701
3628.0,84.876,84.97719
3628.125,85.871,65.83447
3628.25,85.863,90.73402
3628.375,84.416,85.580025
3628.5,82.916,81.027214
3628.625,82.939,84.71063
3628.75,84.554,83.97666
3628.875,86.544,71.9862
3629.0,87.978,87.149895
3629.125,88.361,89.09232
3629.25,87.89,68.9822
3629.375,86.987,32.15303
3629.5,10.0,21.540298
3629.625,10.0,9.95494
3629.75,10.0,10.029573
3629.875,10.0,9.998535
3630.0,10.0,10.043801
3630.125,10.0,10.148638
3630.25,10.0,10.128981
3630.375,10.0,10.089833
3630.5,10.0,10.009197
3630.625,10.0,10.04403
3630.75,10.0,10.014865
3630.875,10.0,10.100182
3631.0,10.0,9.995564
3631.125,10.0,10.041216
3631.25,10.0,10.038913
3631.375,10.0,10.257358
3631.5,10.0,10.259873
3631.625,10.0,10.110295
3631.75,10.0,10.101984
3631.875,10.0,10.033206
3632.0,10.0,10.08725
3632.125,10.0,9.973346
3632.25,10.0,9.899381
3632.375,10.0,10.015212
3632.5,10.0,11.892304
3632.625,10.0,10.132738
3632.75,10.0,9.983503
3632.875,10.0,9.937645
3633.0,10.0,10.183079
3633.125,10.0,10.006323
3633.25,10.0,9.924471
3633.375,10.0,9.929147
3633.5,10.0,10.012281
3633.625,10.0,10.036023
3633.75,10.0,9.91348
