DEPTH,AC,DTC,DTS,DEN,GR,CNL,LLD,LLS,K,TH,U,DEVI,SHMAX,TOC,PERM
3500.0,66.709,66.38,118.088,2.683,160.727,19.635,27.438,24.407,3.592,16.548,6.782,4.224,91.265,0.01,10.0
3500.25,67.058,66.505,118.156,2.697,161.863,19.355,27.65,24.706,3.916,17.539,5.712,4.212,91.142,0.01,10.0
3500.375,67.321,66.527,118.156,2.695,161.381,18.962,27.925,25.031,4.054,18.746,4.976,4.222,91.111,0.01,10.0
3500.625,68.126,66.655,118.208,2.68,160.885,18.607,28.546,25.733,4.201,21.102,3.806,4.222,90.952,0.01,10.0
3500.75,68.586,66.712,118.374,2.685,161.866,18.497,28.931,26.091,4.203,21.8,3.6,4.263,91.011,0.01,10.0
3500.875,68.553,66.948,118.744,2.696,162.055,18.419,29.422,26.505,4.135,22.128,3.698,4.221,90.998,0.01,10.0
3501.125,67.057,67.038,118.823,2.705,159.066,19.258,30.554,27.383,3.973,21.941,4.372,4.252,90.923,0.01,10.0
3501.25,66.366,67.145,118.877,2.702,158.263,19.88,30.914,27.637,3.916,21.518,4.627,4.221,90.91,0.01,10.0
3501.5,65.718,67.488,118.946,2.703,157.551,19.699,30.719,27.424,3.843,20.686,4.973,4.226,90.438,0.01,10.0
3502.875,69.549,68.685,119.77,2.686,158.068,17.948,29.491,26.716,3.711,17.404,6.499,4.273,89.459,0.01,10.0
3503.125,68.445,68.019,119.089,2.69,160.484,17.723,29.998,27.287,3.79,16.114,6.692,4.261,89.507,0.01,10.0
3503.5,66.75,67.504,118.211,2.687,163.567,18.941,29.029,25.954,3.872,15.364,7.016,4.269,89.852,0.01,10.0
3503.625,66.848,67.491,117.558,2.677,162.171,19.258,28.581,25.597,3.931,15.368,6.994,4.294,89.443,0.01,10.0
3503.75,67.037,67.365,116.876,2.669,159.142,19.301,28.323,25.47,3.986,15.343,6.913,4.278,89.004,0.01,10.0
3503.875,67.076,67.321,116.587,2.667,155.764,19.157,28.367,25.6,3.993,15.305,6.888,4.28,88.737,0.01,10.0
3504.125,67.43,67.189,116.282,2.671,155.744,18.759,29.24,26.604,3.849,15.117,7.177,4.322,88.676,0.01,10.0
3504.875,67.11,66.987,115.728,2.673,155.794,17.509,30.153,27.526,3.491,15.794,7.91,4.333,88.474,0.01,10.0
3505.125,66.829,66.984,115.728,2.678,152.785,17.981,30.39,27.572,3.666,16.086,7.398,4.401,88.504,0.01,10.0
3505.375,67.181,66.984,115.846,2.682,158.581,18.369,30.616,27.666,3.686,15.876,7.503,4.396,88.549,0.01,10.0
3505.5,67.576,66.984,116.069,2.686,160.595,18.778,30.538,27.54,3.576,15.643,8.029,4.376,88.764,0.01,10.0
3505.875,68.551,67.61,116.658,2.701,161.688,18.611,30.558,27.487,3.367,15.201,9.391,4.425,88.518,0.01,10.0
3506.125,68.708,67.923,116.668,2.704,164.398,18.783,31.339,28.41,3.285,15.312,9.958,4.415,87.975,0.01,10.0
3506.375,68.326,68.304,116.699,2.707,170.914,18.506,32.77,29.842,3.197,15.981,10.309,4.437,87.516,0.01,10.0
3506.75,67.972,68.591,116.914,2.706,165.584,17.371,34.33,31.166,3.282,17.873,9.563,4.419,87.215,0.01,10.0
3506.875,68.11,68.72,117.009,2.697,164.381,17.297,34.36,31.063,3.326,18.466,9.147,4.452,87.06,0.01,10.0
3507.0,68.499,68.72,117.033,2.687,165.037,17.595,33.975,30.584,3.385,18.878,8.746,4.473,87.062,0.01,10.0
3507.25,69.62,68.72,117.962,2.676,171.863,18.802,31.897,28.619,3.486,19.434,7.995,4.487,87.731,0.01,10.0
3507.375,70.023,68.718,118.198,2.676,171.914,19.177,30.732,27.617,3.498,19.766,7.555,4.471,88.113,0.01,10.0
3507.5,70.251,68.716,118.198,2.679,169.058,19.179,29.89,26.926,3.493,20.228,7.074,4.509,88.121,0.01,10.0
3507.75,69.677,68.512,118.198,2.684,162.35,18.231,29.603,26.686,3.502,20.751,6.564,4.51,88.353,0.01,10.0
3507.875,69.625,68.491,118.198,2.682,159.018,17.563,30.058,27.041,3.535,20.779,6.422,4.523,88.456,0.01,10.0
3508.125,69.837,67.884,116.82,2.671,153.604,17.757,30.913,27.802,3.623,20.035,6.309,4.511,88.148,0.01,10.0
3508.25,69.97,67.65,116.37,2.664,152.579,18.606,30.97,27.928,3.686,18.876,6.501,4.51,88.265,0.01,10.0
3508.375,69.998,67.65,115.963,2.659,152.99,19.186,30.787,27.829,3.736,17.86,6.747,4.555,87.879,0.01,10.0
3508.625,69.38,67.65,115.862,2.668,157.77,19.088,30.169,27.295,3.752,16.737,7.459,4.549,87.709,0.01,10.0
3508.75,68.96,67.65,115.862,2.677,160.807,18.744,30.015,27.149,3.742,16.423,7.93,4.605,87.712,0.01,10.0
3508.875,69.044,67.711,115.862,2.681,163.09,18.273,30.078,27.224,3.744,16.538,8.193,4.549,87.686,0.01,10.0
3509.0,69.522,67.91,115.862,2.68,164.344,17.837,30.373,27.511,3.77,16.788,8.247,4.536,87.479,0.01,10.0
3509.125,70.021,68.314,115.862,2.679,165.782,17.662,30.838,27.903,3.816,16.973,8.26,4.609,86.897,0.01,10.0
3509.5,70.177,68.933,116.65,2.685,177.718,18.301,31.993,28.81,3.996,16.919,8.446,4.644,86.44,0.01,10.0
3509.625,69.711,68.933,117.021,2.689,180.564,18.382,32.176,29.027,4.083,16.702,8.623,4.576,86.621,0.01,10.0
3509.75,69.768,68.933,117.666,2.692,181.479,18.216,32.342,29.236,4.139,16.474,8.783,4.659,87.28,0.01,10.0
3509.875,70.197,68.933,117.666,2.693,179.349,18.054,32.398,29.299,4.153,16.36,8.842,4.651,87.399,0.01,10.0
3510.125,71.024,68.59,117.666,2.684,169.458,18.042,31.832,28.664,4.169,16.553,7.809,4.625,87.692,0.01,10.0
3510.25,70.87,68.082,117.666,2.672,164.52,17.811,31.373,28.224,4.15,16.754,6.653,4.573,88.442,0.01,10.0
3510.375,69.997,67.491,116.991,2.661,159.273,17.427,31.037,27.949,4.066,16.755,5.979,4.591,89.221,0.01,10.0
3510.5,68.535,66.704,114.4,2.655,153.898,17.072,30.898,27.837,3.957,16.646,5.914,4.638,88.182,0.01,10.0
3510.75,66.397,65.897,114.4,2.652,149.267,16.531,30.444,27.376,3.794,16.235,6.154,4.661,89.076,0.01,10.0
3511.0,66.875,65.84,114.4,2.654,150.46,17.152,28.798,26.042,3.765,16.135,6.57,4.661,89.237,0.01,10.0
3511.25,68.513,65.84,114.77,2.665,155.135,18.917,27.511,24.925,3.927,17.457,6.075,4.665,89.482,0.01,10.0
3511.5,68.471,66.071,115.552,2.669,156.298,19.227,27.72,25.059,4.088,19.045,5.353,4.662,89.828,0.01,10.0
3511.75,68.544,66.603,116.181,2.664,156.173,19.112,28.089,25.4,4.134,20.111,4.961,4.676,89.677,0.01,10.0
3512.0,68.78,66.681,116.213,2.64,159.296,19.215,27.844,25.064,4.049,19.913,5.299,4.706,89.574,0.01,10.0
3512.125,68.837,66.77,116.238,2.634,158.718,18.94,27.491,24.768,4.033,19.315,5.663,4.648,89.498,0.01,10.0
3512.5,68.257,66.965,116.38,2.657,157.914,18.946,25.575,23.129,4.206,18.02,5.984,4.669,89.286,0.01,10.0
3512.625,68.566,66.977,116.442,2.652,159.695,19.079,24.924,22.549,4.288,17.943,5.873,4.681,89.328,0.01,10.0
3513.0,69.722,67.29,117.832,2.651,163.084,19.186,23.87,21.639,4.452,18.799,5.301,4.64,89.963,0.01,10.0
3513.25,70.358,67.609,118.864,2.737,164.526,19.506,23.666,21.396,4.427,19.468,5.115,4.651,90.43,0.01,10.0
3513.375,70.556,67.837,119.449,2.762,162.278,19.817,23.674,21.404,4.37,19.24,5.265,4.64,90.578,0.01,10.0
3513.5,70.725,67.933,119.527,2.753,158.967,20.013,23.754,21.494,4.298,18.806,5.531,4.631,90.586,0.01,10.0
3513.625,70.758,67.96,119.527,2.724,157.174,19.7,23.898,21.647,4.222,18.217,5.825,4.613,90.517,0.01,10.0
3513.75,70.818,67.96,119.527,2.7,158.865,18.972,24.063,21.837,4.155,17.606,6.132,4.659,90.521,0.01,10.0
3514.125,70.602,67.96,119.344,2.665,164.374,18.374,24.971,22.774,4.124,15.964,6.703,4.592,90.426,0.01,10.0
3514.75,67.444,66.02,114.388,2.687,152.746,16.131,28.803,26.198,4.023,16.258,6.722,4.579,88.922,0.01,10.0
3515.0,67.259,64.997,113.104,2.696,149.401,16.167,29.906,27.201,3.974,17.414,6.434,4.558,89.236,0.01,10.0
3515.625,66.222,64.516,113.34,2.689,154.769,17.541,32.253,29.019,4.241,20.537,4.671,4.538,90.381,0.01,10.0
3516.0,66.149,65.134,114.464,2.653,159.212,17.967,31.63,28.181,4.253,20.304,4.751,4.564,90.582,0.01,10.0
3516.375,67.098,66.371,115.477,2.658,154.319,18.643,29.59,26.378,4.261,19.777,5.129,4.562,89.427,0.01,10.0
3516.5,67.324,66.495,115.867,2.66,151.888,18.732,28.869,25.767,4.25,19.668,5.181,4.553,89.672,0.01,10.0
3516.625,67.506,66.531,115.943,2.662,149.93,19.002,28.127,25.135,4.231,19.352,5.323,4.546,89.676,0.01,10.0
3516.875,68.182,66.662,116.216,2.667,149.296,19.649,26.863,24.02,4.22,18.485,5.576,4.533,89.732,0.01,10.0
3517.0,68.211,66.662,116.216,2.673,150.062,19.553,26.647,23.868,4.218,17.853,5.719,4.531,89.735,0.01,10.0
3517.125,68.05,66.702,116.355,2.676,150.218,19.25,26.854,24.128,4.218,17.194,5.934,4.542,89.768,0.01,10.0
3517.25,67.657,66.742,116.494,2.678,150.287,18.902,27.353,24.642,4.224,16.825,6.105,4.54,89.861,0.01,10.0
3517.375,67.083,66.742,116.494,2.679,151.794,18.653,27.912,25.17,4.229,16.82,6.16,4.527,89.865,0.01,10.0
3517.5,66.48,66.742,116.494,2.68,155.001,18.574,28.221,25.433,4.221,17.06,6.147,4.538,89.868,0.01,10.0
3517.625,66.191,66.742,116.494,2.681,158.295,18.708,28.159,25.361,4.192,17.437,6.152,4.567,89.872,0.01,10.0
3518.0,68.313,67.344,117.539,2.697,163.551,19.704,27.065,24.331,3.994,18.422,6.393,4.614,89.914,0.01,10.0
3518.125,69.402,68.084,118.677,2.692,162.559,19.832,27.027,24.265,3.934,18.517,6.46,4.557,89.799,0.01,10.0
3518.5,70.617,68.49,118.9,2.689,167.055,18.627,26.164,23.245,3.759,18.957,6.57,4.569,89.375,0.01,10.0
3519.375,69.16,68.518,118.281,2.678,161.664,17.682,24.383,22.561,3.553,19.951,6.563,4.64,88.808,0.01,10.0
3519.5,68.689,68.518,118.281,2.681,162.408,17.449,27.672,25.433,3.563,19.436,6.79,4.589,88.811,0.01,10.0
3519.75,68.768,68.856,118.281,2.683,163.04,17.663,31.654,28.801,3.703,18.567,7.042,4.609,88.489,0.01,10.0
3520.375,70.985,68.988,118.373,2.702,171.908,17.72,29.806,26.524,3.909,16.672,7.904,4.601,88.21,0.01,10.0
3520.5,70.381,69.066,118.568,2.698,166.236,17.7,29.338,26.042,3.812,15.828,8.24,4.578,88.252,0.01,10.0
3520.625,69.739,69.194,118.696,2.692,160.368,17.596,28.714,25.407,3.722,15.058,8.597,4.595,88.253,0.01,10.0
3521.0,69.783,69.641,119.26,2.662,163.773,17.859,26.112,23.003,3.634,15.05,8.894,4.631,88.043,0.01,10.0
3521.125,70.701,70.377,119.413,2.659,165.27,18.248,25.2,22.267,3.648,15.114,8.93,4.638,87.395,0.01,10.0
3521.25,71.824,70.622,119.532,2.657,165.055,18.768,24.689,21.926,3.699,15.129,8.855,4.648,86.788,0.01,10.0
3521.5,73.037,70.622,119.592,2.66,161.529,19.856,25.244,22.323,3.832,15.407,8.382,4.644,86.877,0.01,10.0
3521.625,72.716,70.622,119.592,2.665,159.882,19.712,25.99,22.703,3.87,15.81,8.051,4.671,86.881,0.01,10.0
3521.75,72.018,70.622,119.592,2.67,160.153,18.962,26.592,23.036,3.897,16.225,7.706,4.625,86.884,0.01,10.0
3522.125,70.586,70.225,119.45,2.68,161.752,17.83,25.788,22.533,3.895,17.7,6.731,4.619,87.36,0.01,10.0
3522.25,70.942,70.225,119.45,2.676,163.635,18.36,25.304,22.109,3.898,17.566,6.668,4.638,87.363,0.01,10.0
3522.625,70.783,70.225,119.45,2.668,166.562,18.484,26.224,22.796,3.798,15.959,7.585,4.654,87.373,0.01,10.0
3522.75,70.304,70.246,119.495,2.667,165.494,18.467,26.659,23.056,3.733,15.569,7.933,4.611,87.38,0.01,10.0
3523.0,69.941,70.301,119.599,2.662,167.178,18.231,26.212,22.405,3.59,15.148,8.432,4.655,87.4,0.01,10.0
3523.125,70.317,70.404,119.774,2.665,165.819,18.119,25.392,21.624,3.531,15.119,8.567,4.666,87.403,0.01,10.0
3524.0,70.921,70.631,120.163,2.647,167.136,18.415,22.802,19.771,3.52,20.189,7.246,4.679,87.435,0.01,10.0
3524.125,71.034,70.642,120.171,2.647,166.808,18.379,22.808,19.813,3.544,20.95,6.959,4.661,87.422,0.01,10.0
3524.5,72.379,70.735,120.435,2.658,164.572,18.795,22.612,19.789,3.703,21.157,6.524,4.736,87.524,0.01,10.0
3524.75,72.229,70.735,120.435,2.676,168.024,19.229,22.503,19.639,3.743,19.606,6.73,4.658,87.53,0.01,10.0
3524.875,72.251,70.735,120.435,2.673,167.384,19.527,22.677,19.708,3.722,18.593,6.974,4.679,87.534,0.01,10.0
3525.5,68.913,69.692,119.859,2.651,158.696,18.101,25.391,22.074,3.655,18.078,6.86,4.691,88.591,0.01,10.0
3526.0,70.623,69.692,119.738,2.64,162.636,19.25,24.633,21.489,3.726,17.429,6.689,4.682,88.517,0.01,10.0
3526.125,70.899,69.692,119.695,2.635,163.18,18.607,24.782,21.657,3.773,16.898,6.717,4.744,88.476,0.01,10.0
3526.25,70.907,69.692,119.646,2.63,161.157,17.921,25.056,21.948,3.851,16.396,6.656,4.707,88.446,0.01,10.0
3526.375,70.921,69.692,119.591,2.628,158.206,17.741,25.372,22.268,3.949,16.088,6.481,4.716,88.389,0.01,10.0
3526.5,70.852,69.691,119.584,2.631,155.656,18.11,25.669,22.54,4.052,16.184,6.152,4.683,88.388,0.01,10.0
3526.625,70.492,69.649,119.173,2.637,154.311,18.506,25.949,22.759,4.163,16.759,5.669,4.687,88.182,0.01,10.0
3526.75,69.814,69.452,119.09,2.643,153.551,18.432,26.212,22.909,4.253,17.463,5.147,4.709,88.209,0.01,10.0
3526.875,68.846,69.352,119.09,2.647,152.63,18.236,26.322,22.906,4.297,18.079,4.812,4.711,88.467,0.01,10.0
3527.25,68.577,69.352,119.09,2.644,156.318,19.304,24.351,21.311,4.275,19.099,4.83,4.704,88.477,0.01,10.0
3527.5,70.301,69.752,119.763,2.659,164.055,20.168,23.108,20.345,4.165,18.604,5.659,4.811,88.619,0.01,10.0
3527.625,71.03,70.405,120.157,2.664,165.074,20.243,23.227,20.455,4.057,18.254,6.184,4.761,88.09,0.01,10.0
3527.875,71.331,71.171,120.563,2.673,165.596,19.339,24.24,21.369,3.792,17.651,7.131,4.776,87.105,0.01,10.0
3528.375,72.52,72.004,122.448,2.672,168.789,18.775,23.885,21.238,3.511,18.905,7.726,4.795,87.503,0.01,10.0
3528.5,72.738,72.061,122.524,2.662,170.811,18.64,23.792,21.088,3.588,19.82,7.317,4.819,87.5,0.01,10.0
3528.875,73.532,72.21,122.596,2.642,170.727,18.824,24.085,21.379,3.681,20.081,7.028,4.826,87.342,0.01,10.0
3529.25,73.357,72.21,122.581,2.661,166.762,18.449,23.803,21.239,3.716,17.701,7.813,4.831,87.352,0.01,10.0
3529.375,73.411,72.21,122.37,2.662,170.537,18.465,23.721,21.136,3.737,17.016,8.064,4.842,87.217,0.01,10.0
3529.625,73.168,72.097,122.333,2.667,176.697,19.348,24.059,21.535,3.843,17.35,7.881,4.793,87.231,0.01,10.0
3529.75,73.239,71.999,122.333,2.671,174.329,19.684,24.444,21.922,3.915,18.196,7.493,4.855,87.439,0.01,10.0
3529.875,73.478,71.971,122.333,2.675,170.689,20.18,24.864,22.322,3.979,19.048,7.099,4.847,87.463,0.01,10.0
3530.0,73.861,71.882,122.333,2.677,167.907,21.013,25.0,22.414,4.063,19.906,6.772,4.824,87.583,0.01,10.0
3530.375,74.737,71.442,123.817,2.649,180.574,19.734,19.473,17.165,4.264,20.245,6.678,4.915,89.394,0.01,10.0
3530.5,74.942,71.265,123.817,2.64,186.382,18.324,16.349,14.44,4.276,19.308,7.433,4.946,89.758,0.01,10.0
3530.875,74.465,70.848,123.817,2.653,166.866,16.878,14.966,13.642,3.963,17.504,7.65,4.94,90.278,0.01,10.0
3531.0,73.678,70.572,122.506,2.66,157.559,17.015,17.646,16.104,3.841,16.962,7.273,4.962,90.036,0.01,10.0
3531.125,72.618,70.267,120.599,2.661,153.891,17.447,21.146,19.238,3.808,16.546,7.068,4.939,88.867,0.01,10.0
3531.25,71.386,69.788,118.754,2.655,154.415,17.979,24.411,22.094,3.751,16.171,7.1,4.986,87.739,0.01,10.0
3531.375,70.464,68.634,116.78,2.642,156.111,18.39,26.307,23.684,3.657,15.905,7.203,4.948,87.639,0.01,10.0
3531.75,70.239,68.634,116.78,2.641,155.497,19.036,26.413,23.561,3.488,16.135,7.455,4.992,87.647,0.01,10.0
3532.0,71.14,68.634,116.871,2.662,157.971,18.663,25.316,22.485,3.543,17.101,7.206,5.019,87.653,0.01,10.0
3532.375,70.764,69.138,118.648,2.632,163.714,18.89,23.641,21.054,3.913,17.675,6.312,4.952,88.462,0.01,10.0
3532.5,70.369,69.201,118.959,2.629,168.16,18.886,23.185,20.703,4.024,17.328,6.24,4.974,88.714,0.01,10.0
3532.625,70.234,69.251,119.085,2.625,170.29,18.878,22.744,20.373,4.096,16.765,6.364,5.024,88.764,0.01,10.0
3533.125,72.796,70.133,119.573,2.659,162.359,19.238,22.844,20.488,4.034,15.218,7.531,5.035,88.008,0.01,10.0
3533.25,73.419,70.409,119.777,2.673,163.584,18.812,23.474,21.016,4.035,15.179,7.597,5.027,87.666,0.01,10.0
3533.75,73.782,70.409,119.777,2.699,157.016,18.401,25.728,23.049,3.989,15.065,7.068,5.067,87.679,0.01,10.0
3534.125,72.464,69.282,119.325,2.684,161.314,18.727,25.802,23.371,4.176,15.012,6.595,5.075,88.818,0.01,10.0
3534.25,72.051,69.282,119.243,2.663,161.848,18.705,25.678,23.241,4.272,14.998,6.43,5.023,88.924,0.01,10.0
3534.375,71.989,69.282,119.194,2.645,158.708,18.595,25.489,22.825,4.377,14.907,6.288,5.115,88.874,0.01,10.0
3534.625,72.374,69.282,119.177,2.63,154.132,18.308,24.931,21.96,4.499,14.892,6.051,5.045,88.855,0.01,10.0
3535.0,73.031,69.397,119.231,2.632,161.147,19.07,24.592,22.064,4.277,14.945,6.361,5.071,88.779,0.01,10.0
3535.125,72.905,69.611,119.291,2.637,164.915,19.451,24.737,22.262,4.131,15.098,6.587,5.07,88.573,0.01,10.0
3535.625,73.703,69.832,119.62,2.636,160.213,18.252,24.862,22.61,3.842,16.381,6.706,5.084,88.468,0.01,10.0
3535.75,73.852,69.852,119.63,2.634,157.889,18.501,24.802,22.58,3.855,16.497,6.63,5.066,88.434,0.01,10.0
3536.125,72.383,69.869,119.671,2.646,162.839,19.222,25.171,22.817,3.865,15.965,6.932,4.999,88.465,0.01,10.0
3536.25,71.857,69.927,119.678,2.661,165.125,19.092,25.017,22.634,3.847,15.584,7.219,4.992,88.398,0.01,10.0
3536.375,71.746,69.951,119.799,2.683,165.531,18.93,24.332,21.961,3.834,15.375,7.451,5.018,88.425,0.01,10.0
3536.5,71.872,70.015,119.858,2.702,164.517,18.845,22.955,20.664,3.823,15.355,7.56,5.036,88.43,0.01,10.0
3536.75,72.509,70.071,120.329,2.693,163.556,19.247,19.72,17.71,3.875,15.804,7.39,5.024,88.626,0.01,10.0
3537.0,73.001,70.199,120.807,2.663,165.462,19.271,18.792,16.89,4.053,16.6,6.714,4.994,88.989,0.01,10.0
3537.25,72.941,70.617,122.441,2.654,160.929,18.6,19.822,17.895,4.243,17.216,6.052,4.989,89.818,0.01,10.0
3537.375,72.813,70.896,122.613,2.654,158.662,18.528,20.28,18.329,4.318,17.282,5.872,4.986,89.554,0.01,10.0
3537.5,72.83,71.05,122.649,2.655,159.637,18.886,20.338,18.365,4.356,17.259,5.807,4.973,89.316,0.01,10.0
3537.75,74.142,71.301,123.039,2.656,167.025,20.084,19.853,17.83,4.306,16.893,6.177,4.98,89.266,0.01,10.0
3538.125,74.828,71.904,123.099,2.669,160.264,19.664,20.576,18.611,4.134,17.104,7.012,4.994,88.456,0.01,10.0
3538.25,74.366,71.904,123.099,2.674,161.275,19.606,21.08,19.061,4.06,17.936,7.023,4.942,88.459,0.01,10.0
3538.375,73.861,71.904,123.099,2.676,162.916,19.534,21.463,19.334,3.987,19.067,6.883,4.968,88.462,0.01,10.0
3538.5,73.485,71.904,123.034,2.674,163.003,19.39,21.616,19.401,3.909,20.182,6.665,4.946,88.429,0.01,10.0
3538.625,73.396,71.862,122.936,2.67,161.54,19.317,21.525,19.322,3.814,21.165,6.477,5.003,88.393,0.01,10.0
3538.75,73.471,71.817,122.762,2.666,159.298,19.423,21.396,19.257,3.696,21.777,6.372,5.0,88.363,0.01,10.0
3538.875,73.234,71.78,122.572,2.662,156.798,19.557,21.407,19.32,3.544,21.552,6.491,4.965,88.203,0.01,10.0
3539.0,72.882,71.717,122.526,2.66,155.331,19.447,21.672,19.574,3.423,20.758,6.798,4.947,88.248,0.01,10.0
3539.25,72.749,71.583,122.474,2.667,156.038,18.817,22.628,20.411,3.384,19.221,7.289,5.019,88.406,0.01,10.0
3539.5,72.819,71.568,122.378,2.667,156.655,18.885,23.23,20.886,3.442,18.162,7.664,4.924,88.368,0.01,10.0
3539.75,73.355,71.612,122.378,2.642,163.005,20.486,22.847,20.487,3.553,18.123,7.651,4.998,88.329,0.01,10.0
3539.875,73.526,71.696,122.378,2.638,163.815,20.666,22.517,20.2,3.615,18.128,7.576,4.985,88.231,0.01,10.0
3540.125,73.814,71.782,122.409,2.653,162.838,19.743,22.338,20.082,3.826,17.784,7.385,4.981,88.124,0.01,10.0
3540.375,73.702,72.014,122.462,2.661,163.901,19.13,22.869,20.545,4.087,17.341,7.121,4.98,87.867,0.01,10.0
3540.75,73.639,72.227,122.688,2.652,156.867,18.694,22.697,20.389,4.124,16.983,7.155,5.004,87.702,0.01,10.0
3540.875,74.0,72.305,122.778,2.659,156.095,18.793,21.935,19.638,4.022,17.106,7.302,4.995,87.712,0.01,10.0
3541.0,74.273,72.372,122.778,2.668,158.467,18.859,20.803,18.584,3.894,17.25,7.474,4.988,87.595,0.01,10.0
3541.125,74.342,72.372,122.778,2.675,163.371,18.925,19.624,17.615,3.763,17.313,7.665,4.996,87.585,0.01,10.0
3541.375,75.372,72.317,122.778,2.687,171.426,19.134,18.566,16.977,3.536,17.293,8.156,5.014,87.639,0.01,10.0
3541.5,75.599,72.284,122.66,2.69,173.808,19.218,19.083,17.496,3.485,17.366,8.365,5.02,87.68,0.01,10.0
3541.625,75.272,72.284,122.463,2.684,174.008,19.178,20.211,18.519,3.464,17.457,8.513,5.014,87.494,0.01,10.0
3541.75,74.62,72.273,122.321,2.67,171.83,18.883,21.72,19.866,3.45,17.522,8.617,5.044,87.371,0.01,10.0
3542.0,72.719,71.73,121.163,2.647,167.048,17.888,24.371,22.164,3.418,17.669,8.763,5.048,87.251,0.01,10.0
3542.25,71.877,71.214,120.128,2.634,167.574,17.709,25.838,23.394,3.361,17.418,8.975,5.108,87.11,0.01,10.0
3542.75,73.829,70.785,119.587,2.636,166.816,18.014,25.321,22.932,3.06,15.774,9.962,5.054,87.138,0.01,10.0
3543.0,73.221,70.386,119.685,2.637,160.592,17.551,25.633,23.248,3.042,15.992,9.854,5.035,87.876,0.01,10.0
3543.25,72.84,70.386,119.685,2.642,165.502,17.759,25.409,23.095,3.112,16.728,9.267,5.035,87.883,0.01,10.0
3543.75,73.811,70.432,120.356,2.626,174.456,19.316,22.543,20.201,3.344,17.419,8.117,5.061,88.461,0.01,10.0
3543.875,73.179,70.608,120.423,2.62,178.055,19.396,22.79,20.572,3.461,16.886,8.166,5.06,88.275,0.01,10.0
3544.0,72.556,70.763,120.458,2.625,178.068,19.537,23.362,21.193,3.603,16.279,8.215,5.037,88.078,0.01,10.0
3544.25,72.205,70.888,120.464,2.643,173.214,19.487,24.591,22.199,3.944,15.141,8.132,5.045,87.844,0.01,10.0
3544.375,72.123,70.888,120.451,2.643,171.837,19.228,25.058,22.569,4.128,14.571,8.012,5.094,87.845,0.01,10.0
3544.625,72.447,70.798,120.422,2.645,169.156,18.495,25.862,23.324,4.422,13.702,7.691,5.065,87.916,0.01,10.0
3544.875,73.043,70.749,120.447,2.649,168.634,16.057,26.278,23.567,4.445,13.93,7.571,5.062,88.042,0.01,10.0
3545.0,73.465,70.728,120.425,2.638,170.338,14.841,26.147,23.39,4.369,14.242,7.638,5.076,88.069,0.01,10.0
3545.125,73.402,70.68,120.337,2.627,170.574,14.703,25.809,23.061,4.261,14.686,7.731,5.058,88.068,0.01,10.0
3545.25,73.143,70.612,120.231,2.623,168.46,15.832,25.205,22.46,4.139,15.316,7.755,5.082,88.061,0.01,10.0
3545.375,72.894,70.372,120.204,2.625,164.878,17.474,23.862,21.111,4.007,16.151,7.682,5.061,88.312,0.01,10.0
3545.625,72.151,70.269,120.258,2.642,161.671,19.074,16.165,14.003,3.81,18.075,7.201,5.093,88.607,0.01,10.0
3545.875,72.056,70.269,120.284,2.687,165.76,18.395,7.649,6.775,3.675,19.271,6.679,5.06,88.647,0.01,10.0
3546.25,71.747,70.287,120.636,2.704,163.954,17.229,11.377,10.678,3.55,17.765,7.217,5.1,88.946,0.01,10.0
3546.375,71.881,70.314,120.871,2.68,163.863,16.124,17.289,15.961,3.56,16.773,7.63,5.107,88.995,0.01,10.0
3547.125,73.209,71.215,122.97,2.619,166.741,18.294,23.161,20.593,3.819,18.207,7.277,5.088,89.581,0.01,10.0
3547.5,73.499,71.215,123.066,2.621,166.191,18.317,21.968,19.464,3.654,19.675,7.139,5.147,89.67,0.01,10.0
3547.625,73.343,71.218,123.066,2.631,167.189,18.476,21.824,19.288,3.652,19.482,7.23,5.15,89.672,0.01,10.0
3547.75,73.534,71.219,123.066,2.651,169.992,18.635,21.527,18.913,3.672,19.145,7.355,5.143,89.671,0.01,10.0
3548.5,73.064,73.763,124.641,2.637,160.33,19.379,12.262,11.011,3.973,17.097,7.748,5.14,87.35,0.01,10.0
3548.625,73.57,73.763,124.663,2.633,159.12,19.93,13.383,12.13,3.899,16.667,7.939,5.179,87.372,0.01,10.0
3548.75,73.674,73.764,124.689,2.629,161.466,20.125,15.966,14.485,3.797,16.247,8.161,5.17,87.397,0.01,10.0
3549.25,72.258,73.73,124.692,2.647,163.374,18.102,22.877,20.407,3.471,17.559,8.007,5.162,87.424,0.01,10.0
3549.75,74.171,73.444,124.713,2.657,166.296,19.289,22.443,19.991,3.305,16.793,8.63,5.163,87.809,0.01,10.0
3550.5,74.05,73.205,124.713,2.669,162.427,18.238,24.167,21.433,3.573,13.16,9.846,5.201,88.249,0.0,10.0
3550.625,74.098,73.174,124.705,2.675,166.843,18.156,23.888,21.266,3.59,13.828,9.62,5.22,88.317,0.0,10.0
3551.0,73.176,72.208,124.258,2.676,167.635,19.644,19.203,16.835,3.626,15.969,8.63,5.202,89.293,0.0,10.0
3551.125,72.822,72.143,124.229,2.674,167.488,19.812,14.82,12.99,3.656,16.36,8.349,5.244,89.389,0.0,10.0
3551.375,72.791,72.106,123.849,2.666,165.507,18.955,7.835,7.15,3.735,16.296,8.026,5.239,89.347,0.0,10.0
3551.625,73.269,72.039,122.848,2.644,162.468,18.408,6.734,6.3,3.786,15.239,8.172,5.267,88.433,0.0,10.0
3552.5,73.04,71.694,122.789,2.616,164.88,19.407,19.917,18.081,3.908,16.604,7.417,5.287,88.883,0.0,10.0
3552.75,72.21,71.712,122.791,2.627,160.771,20.496,21.587,19.403,4.07,17.504,6.846,5.298,88.874,0.0,10.0
3552.875,72.058,71.746,122.797,2.628,161.015,20.348,21.226,19.163,4.124,17.834,6.689,5.322,88.837,0.0,10.0
3553.0,72.176,71.807,122.805,2.627,163.492,19.937,20.948,19.04,4.147,18.206,6.585,5.32,88.766,0.0,10.0
3553.125,72.611,71.816,122.819,2.625,166.254,19.755,20.817,19.025,4.122,18.539,6.558,5.308,88.741,0.0,10.0
3553.375,73.679,71.935,122.859,2.627,170.097,19.611,20.905,19.083,3.95,18.986,6.903,5.286,88.665,0.0,10.0
3553.5,74.193,72.038,122.859,2.629,170.78,19.402,21.053,19.158,3.867,19.194,7.1,5.281,88.494,0.0,10.0
3553.625,74.81,72.082,122.859,2.629,169.253,19.5,21.192,19.22,3.818,19.286,7.208,5.308,88.423,0.0,10.0
3553.75,75.245,72.082,122.84,2.627,166.559,19.933,21.231,19.177,3.804,18.906,7.335,5.293,88.396,0.0,10.0
3554.0,75.346,72.082,122.836,2.62,166.693,19.936,21.006,18.929,3.858,17.016,7.784,5.265,88.394,0.0,10.0
3554.125,74.938,72.082,122.836,2.616,169.346,19.109,21.02,19.0,3.886,16.119,8.013,5.325,88.398,0.0,10.0
3554.375,73.714,72.051,122.81,2.619,174.633,18.189,21.773,19.594,3.855,15.249,8.455,5.311,88.421,0.0,10.0
3554.5,73.402,71.842,122.755,2.626,175.612,18.318,22.386,20.081,3.808,15.509,8.621,5.31,88.601,0.0,10.0
3554.875,74.573,71.77,122.737,2.631,174.443,18.347,23.255,21.03,3.582,18.771,8.678,5.288,88.787,0.0,10.0
3555.0,74.957,71.77,122.739,2.627,174.13,18.824,23.028,20.777,3.532,19.881,8.664,5.342,88.79,0.0,10.0
3555.25,74.67,71.854,122.854,2.64,175.633,19.699,22.375,20.055,3.628,20.204,8.537,5.371,88.813,0.0,10.0
3555.625,74.459,72.207,123.311,2.653,178.416,19.056,21.858,19.789,3.928,18.982,8.039,5.4,88.678,0.0,10.0
3555.875,75.573,72.627,123.93,2.618,177.282,18.374,21.736,19.396,3.96,18.751,7.831,5.405,88.578,0.0,10.0
3556.0,75.869,72.627,123.972,2.607,177.261,18.637,21.617,19.188,3.889,19.019,7.843,5.44,88.61,0.0,10.0
3556.125,75.899,72.627,123.998,2.605,177.471,18.973,21.352,18.933,3.777,19.435,7.928,5.432,88.648,0.0,10.0
3556.25,75.591,72.627,124.01,2.609,176.395,19.138,20.823,18.555,3.651,19.869,8.08,5.427,88.651,0.0,10.0
3556.375,75.191,72.623,124.053,2.618,174.128,19.141,20.005,18.015,3.544,20.268,8.215,5.478,88.691,0.0,10.0
3556.625,74.748,72.414,124.053,2.644,174.365,19.314,18.483,16.793,3.461,20.934,8.18,5.532,88.943,0.0,10.0
3557.125,75.28,72.046,123.827,2.642,165.308,20.13,16.034,14.667,3.732,18.665,7.855,5.436,89.344,0.0,10.0
3557.25,75.465,72.038,123.673,2.635,166.195,20.147,15.7,14.527,3.772,17.526,8.076,5.484,89.29,0.0,10.0
3557.5,75.444,71.907,123.376,2.63,170.465,19.997,16.741,15.567,3.749,15.825,8.927,5.468,89.208,0.0,10.0
3557.625,75.508,71.824,123.266,2.636,172.061,19.711,17.949,16.596,3.755,15.48,9.166,5.442,89.182,0.0,10.0
3557.75,75.278,71.663,123.191,2.642,172.305,19.515,19.129,17.601,3.764,15.423,9.238,5.489,89.341,0.0,10.0
3558.0,74.954,71.37,123.076,2.636,171.686,19.649,20.232,18.482,3.8,15.651,9.029,5.447,89.751,0.0,10.0
3558.125,74.707,71.327,123.027,2.628,170.591,19.954,20.407,18.617,3.827,15.73,8.761,5.499,89.741,0.0,10.0
3558.375,74.942,70.746,122.62,2.618,165.137,20.331,21.015,19.222,3.799,15.589,8.472,5.503,90.263,0.0,10.0
3559.375,71.151,68.235,118.475,2.66,158.767,17.466,22.682,20.513,3.734,15.08,7.841,5.547,90.471,0.0,10.0
3559.625,72.547,68.235,118.475,2.669,157.527,18.319,22.665,20.68,3.762,16.194,7.656,5.536,90.448,0.0,10.0
3559.75,72.735,68.235,118.475,2.678,156.495,18.803,22.588,20.643,3.741,16.597,7.613,5.471,90.245,0.0,10.0
3559.875,72.653,68.235,118.475,2.681,155.986,18.887,22.513,20.479,3.714,16.95,7.592,5.55,90.233,0.0,10.0
3560.125,71.904,68.235,118.475,2.657,156.104,18.619,22.42,20.349,3.672,17.118,7.468,5.496,90.24,0.0,10.0
3560.25,71.063,68.008,118.348,2.642,156.348,18.784,22.385,20.423,3.66,16.961,7.397,5.534,90.346,0.0,10.0
3560.625,70.307,67.753,118.204,2.652,154.193,18.789,22.07,20.307,3.798,18.249,6.685,5.496,90.721,0.0,10.0
3560.75,70.345,67.753,118.204,2.66,156.467,18.611,21.862,20.049,3.836,18.582,6.454,5.514,90.724,0.0,10.0
3561.25,71.962,68.614,118.345,2.648,156.116,18.775,20.855,18.857,3.945,16.845,6.661,5.44,89.845,0.0,10.0
3561.375,72.173,68.828,118.465,2.653,158.049,18.774,20.588,18.635,3.977,16.261,6.855,5.514,89.486,0.0,10.0
3561.625,72.399,69.639,119.402,2.665,166.602,18.172,20.032,18.367,4.023,15.573,7.641,5.476,89.163,1.42,10.0
3561.75,73.005,70.31,120.333,2.666,172.658,17.91,19.782,18.219,3.914,15.681,8.334,5.428,88.857,1.42,121.251
3561.875,73.707,70.94,121.494,2.661,177.4,18.133,19.568,17.991,3.789,15.959,8.873,5.405,88.947,1.418,123.04
3562.125,74.234,71.754,122.389,2.647,180.816,18.493,19.366,17.64,3.574,16.415,9.394,5.387,88.682,1.473,128.397
3562.375,74.515,72.868,123.957,2.658,177.056,17.947,19.621,17.723,3.509,16.428,9.758,5.431,88.448,1.512,124.117
3562.625,75.454,73.525,124.483,2.663,175.389,18.16,20.418,18.48,3.749,16.116,9.747,5.438,87.892,1.511,122.548
3563.0,76.639,73.525,124.483,2.666,180.755,18.073,21.569,19.48,4.112,15.856,9.837,5.386,87.873,1.52,121.441
3563.25,77.103,73.503,124.423,2.679,189.758,17.819,22.196,20.067,4.232,16.092,9.85,5.43,87.88,1.522,116.596
3563.375,77.183,73.383,124.106,2.676,189.858,18.26,22.577,20.332,4.231,16.243,9.831,5.367,87.804,1.52,117.547
3564.125,74.365,71.702,123.182,2.656,180.255,17.643,21.482,19.066,4.026,19.891,8.481,5.408,89.291,1.377,124.895
3564.25,74.483,71.695,123.209,2.66,176.822,17.491,21.053,18.812,4.03,20.089,8.344,5.352,89.342,1.362,123.428
3564.5,74.698,71.695,123.542,2.658,170.426,18.31,20.237,18.302,4.001,20.043,8.284,5.427,89.536,1.356,124.396
3564.75,74.464,71.695,123.811,2.635,174.346,19.579,19.696,17.736,3.795,19.566,8.77,5.363,89.836,1.407,132.6
3564.875,74.739,72.158,123.919,2.627,179.106,19.696,19.793,17.783,3.599,19.504,9.175,5.391,89.464,1.45,135.623
3565.25,76.048,72.597,124.336,2.629,186.865,20.018,21.015,18.717,3.093,19.451,10.417,5.412,89.045,1.582,134.764
3565.375,76.352,72.597,124.336,2.629,186.447,20.615,21.137,18.843,3.047,19.335,10.625,5.415,89.048,1.604,134.698
3565.625,76.148,72.596,124.264,2.621,187.859,21.197,20.853,18.694,3.169,19.135,10.565,5.453,89.019,1.597,137.601
3565.75,75.755,72.595,124.239,2.624,187.055,20.871,20.586,18.429,3.405,18.848,10.202,5.447,88.985,1.559,136.478
3565.875,75.385,72.504,124.239,2.638,182.929,20.17,20.344,18.174,3.749,18.435,9.586,5.451,89.03,1.494,131.358
3566.0,75.061,72.335,124.221,2.657,178.514,19.297,20.16,18.015,4.041,18.244,8.918,5.485,89.295,1.423,124.474
3566.125,74.814,72.252,124.147,2.673,176.029,18.664,20.018,17.941,4.22,18.398,8.396,5.423,89.367,1.368,118.832
3566.25,75.019,72.249,124.121,2.678,175.587,18.539,19.86,17.829,4.341,18.846,7.939,5.481,89.375,1.319,116.938
3566.375,75.389,72.211,124.036,2.675,176.347,18.804,19.62,17.586,4.426,19.39,7.452,5.418,89.363,1.268,118.002
3566.5,75.404,72.143,123.938,2.668,177.7,18.932,19.291,17.263,4.48,19.979,7.014,5.457,89.365,1.221,120.78
3566.625,75.208,72.075,123.754,2.659,178.252,18.642,18.977,16.991,4.496,20.505,6.645,5.435,89.389,1.182,123.834
3566.75,74.835,72.026,123.423,2.653,177.024,18.144,18.865,16.935,4.504,21.063,6.199,5.409,89.185,1.135,126.257
3566.875,73.985,71.943,123.139,2.649,175.33,17.763,19.151,17.236,4.506,21.44,5.694,5.45,89.061,1.081,127.501
3567.0,72.994,71.698,122.564,2.65,174.959,17.605,19.902,17.929,4.483,21.562,5.367,5.445,88.945,1.047,127.289
3567.25,71.475,71.088,121.727,2.659,176.511,17.954,22.141,19.939,4.344,21.651,5.525,5.433,88.943,1.063,124.044
3567.375,71.084,70.85,121.727,2.663,175.855,18.274,22.856,20.582,4.239,21.658,5.84,5.443,89.392,1.097,122.62
3567.625,72.009,70.85,121.727,2.665,175.337,18.216,22.564,20.269,3.942,21.39,6.847,5.457,89.413,1.203,121.847
3567.75,72.765,70.85,122.024,2.663,176.239,17.972,21.88,19.618,3.686,20.809,7.857,5.468,89.567,1.31,122.551
3567.875,73.23,70.85,122.162,2.659,177.39,17.848,21.154,18.939,3.46,19.915,9.149,5.454,89.766,1.447,123.788
3568.125,73.444,71.231,122.696,2.664,181.998,18.136,20.388,18.201,3.335,18.831,10.453,5.46,89.675,1.585,122.228
3568.5,73.493,71.728,123.059,2.668,181.191,18.708,20.588,18.321,3.54,19.121,9.782,5.461,89.403,1.514,120.599
3568.625,74.027,72.05,123.329,2.657,180.418,18.832,20.742,18.428,3.644,19.943,9.408,5.432,89.112,1.475,124.606
3568.875,74.563,72.603,124.25,2.643,180.932,19.448,20.935,18.548,3.848,21.632,8.531,5.46,89.06,1.382,129.694
3569.0,75.155,72.686,124.282,2.644,182.291,19.803,20.774,18.458,3.872,21.684,8.438,5.436,89.008,1.372,129.3
3569.125,75.255,72.858,124.295,2.646,184.536,20.216,20.394,18.165,3.877,21.394,8.528,5.446,88.84,1.382,128.748
3569.25,75.013,72.925,124.326,2.644,186.417,20.468,19.776,17.563,3.859,20.748,8.748,5.467,88.696,1.405,129.213
3569.625,74.447,72.925,124.299,2.641,180.026,19.643,17.657,15.797,3.698,18.505,9.666,5.481,88.705,1.502,130.421
3569.75,74.85,72.925,124.298,2.644,178.877,19.814,17.588,15.9,3.665,17.957,9.784,5.471,88.698,1.515,129.332
3570.0,74.112,72.561,124.169,2.657,175.065,19.938,18.314,16.584,3.681,17.627,9.102,5.469,89.082,1.442,124.594
3570.125,73.213,72.234,123.807,2.666,170.04,19.682,18.731,16.997,3.696,17.856,8.653,5.494,89.114,1.395,121.344
3570.75,71.721,71.002,122.786,2.664,164.296,18.416,19.273,17.128,3.518,19.216,8.011,5.584,90.13,1.327,122.15
3570.875,71.957,71.002,122.786,2.659,164.931,17.943,18.765,16.493,3.46,19.46,8.409,5.532,90.133,1.369,124.04
3571.25,72.751,71.324,123.465,2.648,178.692,20.029,11.226,9.803,3.68,20.455,8.66,5.495,90.201,1.396,128.062
3571.5,74.154,71.79,123.966,2.658,194.539,21.144,8.298,7.406,3.813,20.257,8.731,5.509,90.329,1.403,124.165
3571.875,73.366,72.664,123.966,2.674,182.11,16.942,15.582,14.326,3.974,19.131,8.888,5.504,88.907,1.42,118.407
3572.25,72.311,73.078,124.143,2.655,184.492,18.474,23.28,20.666,4.291,19.052,8.656,5.581,88.492,1.395,125.328
3572.625,74.688,73.444,124.615,2.642,182.15,18.038,23.252,20.618,4.425,19.509,8.727,5.578,88.298,1.403,130.04
3572.875,76.055,73.772,124.846,2.647,183.347,18.254,22.879,20.343,4.325,19.81,8.864,5.637,88.088,1.417,128.411
3573.0,76.234,73.772,124.846,2.649,182.215,18.577,22.417,19.994,4.284,19.838,8.854,5.603,88.092,1.416,127.448
3573.125,76.248,73.772,124.846,2.644,179.652,19.1,21.989,19.584,4.192,19.898,8.743,5.632,88.095,1.404,129.319
3573.375,74.915,73.772,124.767,2.648,177.308,19.867,21.466,18.991,3.96,20.123,8.268,5.625,88.066,1.354,127.932
3573.5,74.23,73.633,124.695,2.66,176.45,19.592,21.3,18.89,3.938,20.163,8.18,5.642,88.068,1.345,123.444
3573.625,73.844,73.436,124.67,2.665,175.081,19.027,21.17,18.869,3.944,20.335,8.259,5.653,88.405,1.353,121.695
3573.75,73.203,73.436,124.67,2.658,175.164,18.53,21.121,18.895,3.949,20.596,8.538,5.65,88.415,1.383,124.109
3573.875,73.094,73.436,124.67,2.641,178.866,18.222,21.106,18.903,3.909,20.687,9.058,5.657,88.418,1.438,130.552
3574.125,74.88,73.436,124.67,2.598,189.985,18.271,20.86,18.746,3.728,20.332,10.329,5.688,88.424,1.572,146.149
3574.25,75.852,73.759,124.941,2.59,192.801,18.559,20.624,18.576,3.65,20.111,10.827,5.667,88.374,1.625,148.904
3574.5,78.113,74.853,126.695,2.597,196.046,18.758,20.369,18.254,3.417,18.756,12.474,5.685,88.056,2.314,183.093
3574.625,78.751,75.54,127.292,2.597,198.614,18.675,20.644,18.459,3.337,17.958,13.656,5.677,87.858,2.475,182.936
3574.75,79.261,75.827,127.505,2.596,201.69,18.783,21.271,19.038,3.348,17.488,14.431,5.661,87.557,2.58,183.312
3574.875,79.366,76.096,127.585,2.597,203.945,19.13,22.048,19.753,3.446,17.274,14.787,5.711,87.372,2.629,183.109
3575.25,78.185,76.416,127.857,2.607,210.851,19.383,22.52,20.253,3.763,16.584,15.478,5.71,87.064,2.723,179.316
3575.625,78.981,76.42,127.896,2.628,217.243,19.576,18.795,16.996,3.673,15.641,16.248,5.734,87.089,2.828,171.76
3576.625,79.427,75.771,127.645,2.682,206.086,19.125,9.012,8.197,3.766,17.95,14.198,5.819,87.745,2.549,152.374
3576.75,79.505,75.771,127.645,2.678,207.155,18.868,8.105,7.383,3.911,18.59,13.709,5.814,87.748,2.482,153.702
3576.875,79.441,75.771,127.645,2.674,208.276,18.469,7.96,7.156,3.957,19.012,13.556,5.8,87.751,2.461,155.138
3577.125,79.029,75.784,127.66,2.666,214.527,18.335,8.057,7.188,3.883,19.727,13.79,5.82,87.769,2.493,157.891
3577.25,79.132,75.841,127.661,2.66,215.03,18.691,8.053,7.213,3.791,20.236,13.968,5.801,87.708,2.517,160.027
3577.5,79.618,76.103,127.715,2.643,212.656,19.178,9.115,8.233,3.542,21.388,14.344,5.826,87.438,2.568,166.22
3577.625,79.983,76.177,127.715,2.642,217.172,19.111,11.268,10.17,3.448,21.822,14.485,5.82,87.332,2.588,166.858
3577.75,80.176,76.261,127.789,2.646,223.123,18.886,13.817,12.343,3.408,21.929,14.587,5.856,87.269,2.602,165.257
3578.25,79.827,76.409,127.683,2.648,213.793,18.264,9.46,8.393,3.497,20.822,15.043,5.871,87.022,2.664,164.451
3578.5,80.398,76.377,127.599,2.634,218.062,18.185,10.848,9.922,3.582,20.001,15.271,5.883,86.995,2.695,169.555
3578.625,80.716,76.373,127.599,2.632,222.132,18.295,14.431,13.227,3.615,19.723,15.256,5.898,86.998,2.693,170.548
3578.75,80.589,76.289,127.599,2.635,222.167,18.365,18.579,16.842,3.634,19.339,15.145,5.859,87.08,2.678,169.113
3578.875,80.103,76.274,128.197,2.652,217.596,18.383,21.521,19.166,3.621,18.847,14.983,5.884,87.418,2.656,162.959
3579.25,79.476,75.857,128.57,2.734,208.526,18.442,19.699,16.957,3.616,17.821,14.717,5.879,88.342,2.619,133.228
3579.5,80.032,75.857,129.005,2.729,212.014,18.13,17.373,14.992,3.835,17.309,14.581,5.941,88.7,2.601,135.21
3580.375,80.244,76.051,128.122,2.631,223.992,18.579,12.656,11.272,3.961,18.429,15.019,5.97,87.847,2.66,170.887
3580.5,80.305,76.056,128.08,2.64,222.899,18.706,11.985,10.695,3.874,19.004,14.942,5.941,87.84,2.65,167.639
3581.125,80.149,76.136,127.657,2.72,223.176,18.453,14.555,13.417,3.491,22.529,14.559,5.919,87.415,2.598,138.375
3581.25,80.073,76.105,127.573,2.705,224.607,18.458,17.411,15.993,3.403,22.616,15.083,5.942,87.406,2.669,143.846
3581.5,80.549,76.068,127.177,2.69,229.477,18.352,23.107,20.906,3.391,21.997,16.082,5.966,87.2,2.805,149.291
3581.75,80.822,76.031,127.043,2.72,231.351,18.088,24.774,22.107,3.518,21.38,16.626,5.945,87.1,2.879,138.531
3582.125,78.86,75.629,124.762,2.69,223.825,16.823,20.592,18.181,3.616,21.447,15.945,5.875,86.049,2.787,149.435
3582.5,78.178,73.982,124.619,2.662,204.559,16.307,13.382,11.785,3.345,22.882,12.5,5.938,87.834,2.317,159.514
3582.625,78.016,73.744,123.921,2.657,201.821,16.464,11.551,10.319,3.268,22.559,12.06,5.889,87.967,2.257,161.285
3583.125,72.744,68.334,116.785,2.626,157.864,15.438,29.492,27.838,2.387,17.119,10.768,5.861,88.325,2.081,172.434
3583.25,70.607,66.008,114.333,2.638,141.306,14.534,45.926,43.117,2.205,14.784,10.232,5.87,90.961,2.008,168.144
3583.375,67.946,65.059,111.6,2.657,127.084,13.598,64.727,60.221,2.272,12.718,9.2,5.875,89.806,1.868,161.382
3583.5,65.499,63.574,108.738,2.682,117.301,12.684,82.343,75.849,2.436,11.095,8.136,5.847,89.46,1.723,152.322
3583.75,64.137,62.68,107.226,2.703,115.852,10.785,98.719,89.35,2.49,11.692,7.555,5.877,89.625,1.644,144.415
3584.125,70.611,65.686,109.409,2.599,135.592,9.905,59.506,52.745,2.463,15.176,7.939,5.864,86.707,1.696,182.477
3584.375,72.075,68.985,116.278,2.574,142.945,12.411,47.039,41.811,2.614,16.598,8.09,5.827,88.078,1.717,191.465
3584.625,73.094,71.385,121.059,2.575,153.401,15.779,34.232,29.839,2.963,18.437,8.972,5.837,88.458,1.837,190.946
3584.75,74.223,72.116,122.532,2.574,162.744,17.273,24.132,20.83,3.033,18.567,10.187,5.832,88.907,2.002,191.582
3585.25,77.634,74.655,124.671,2.563,201.672,18.251,10.236,8.971,3.453,17.393,13.366,5.843,87.263,2.435,195.434
3586.0,77.158,74.819,124.568,2.588,196.219,16.967,7.386,7.016,3.797,19.233,12.326,5.836,86.879,2.294,186.407
3586.125,77.152,74.616,124.435,2.588,198.029,16.717,10.84,10.198,3.721,19.451,12.26,5.841,86.826,2.285,186.426
3586.25,77.089,74.156,124.396,2.59,198.638,16.612,14.765,13.555,3.564,19.377,12.405,5.87,87.476,2.304,185.628
3586.5,77.132,73.688,123.66,2.601,197.209,16.737,18.724,16.576,3.242,19.098,12.897,5.836,87.497,2.371,181.483
3586.625,76.825,73.369,122.985,2.602,195.893,16.916,19.748,17.598,3.2,19.327,12.863,5.868,87.65,2.367,181.253
3586.75,76.22,73.082,122.213,2.596,195.956,16.948,21.641,19.536,3.21,19.799,12.635,5.831,87.299,2.336,183.569
3586.875,75.826,72.664,121.631,2.588,197.206,16.74,23.904,21.611,3.256,20.423,12.243,5.868,87.313,2.282,186.295
3587.0,75.522,72.112,121.199,2.584,197.922,16.503,24.947,22.227,3.311,21.001,11.844,5.867,87.672,2.228,187.898
3587.5,74.312,72.109,121.299,2.585,195.731,16.454,22.836,20.439,3.317,20.347,11.815,5.877,87.813,2.224,187.377
3587.875,75.35,72.307,121.989,2.591,187.276,17.051,31.213,27.715,3.173,17.768,13.049,5.916,88.104,2.392,185.124
3588.0,75.467,72.481,122.145,2.59,188.547,17.097,30.832,26.969,3.168,17.868,12.98,5.888,88.157,2.383,185.585
3588.25,74.951,72.599,122.566,2.599,194.08,16.548,22.672,19.474,3.293,18.699,12.241,5.897,88.212,2.282,182.456
3588.375,74.401,72.615,122.732,2.608,193.819,16.244,18.49,16.051,3.396,18.965,11.838,5.902,88.336,2.227,179.271
3588.5,73.965,72.662,122.774,2.612,192.256,16.007,16.357,14.462,3.508,19.119,11.476,5.903,88.35,2.178,177.681
3589.125,76.413,72.722,123.113,2.622,195.03,16.815,30.19,26.683,3.523,19.728,11.76,5.96,88.541,2.217,173.918
3589.375,75.487,72.671,123.0,2.63,199.671,17.014,31.538,27.917,3.279,21.068,12.46,5.942,88.567,2.312,171.143
3589.5,74.779,72.671,122.918,2.629,204.839,16.752,31.915,28.404,3.191,21.739,12.744,5.88,88.468,2.35,171.563
3589.625,74.649,72.663,122.888,2.628,212.807,16.458,32.039,28.582,3.16,22.191,13.267,5.934,88.471,2.422,171.811
3589.75,74.453,72.613,122.776,2.628,224.298,16.306,31.31,27.836,3.241,21.965,14.489,5.902,88.427,2.588,171.917
3590.0,73.754,72.075,122.596,2.618,247.313,16.284,27.042,23.775,3.441,20.785,16.88,5.971,89.033,2.914,175.526
3590.25,72.361,72.075,122.579,2.607,245.23,15.944,20.9,18.552,3.476,21.167,16.861,5.919,89.016,2.911,179.301
3590.375,72.466,72.075,122.969,2.607,238.786,16.091,18.53,16.595,3.464,21.926,16.433,5.934,89.019,2.853,179.532
3590.5,73.549,72.075,125.237,2.607,235.715,16.836,17.085,15.429,3.429,22.865,15.918,5.997,90.566,2.783,179.489
3591.0,81.287,75.893,129.229,2.615,236.822,18.99,18.077,16.573,3.423,23.175,15.533,5.957,89.268,2.73,176.402
3591.25,81.362,76.424,129.229,2.612,233.065,19.744,16.633,14.752,3.443,21.664,15.883,6.001,88.574,2.778,177.615
3591.375,80.696,76.556,129.229,2.61,228.223,19.704,13.678,12.031,3.436,20.434,16.005,5.975,88.367,2.795,178.507
3591.625,78.585,76.927,128.849,2.608,216.411,18.516,9.478,8.675,3.323,19.319,15.629,5.946,88.051,2.744,179.231
3592.0,78.414,77.482,126.64,2.594,205.11,15.894,17.563,15.796,3.359,21.159,13.817,5.967,85.598,2.497,184.217
3592.125,79.39,76.955,126.278,2.586,211.053,14.711,19.52,17.342,3.436,21.849,13.8,5.997,85.382,2.494,187.265
3592.25,80.114,76.638,126.278,2.581,219.777,14.214,18.242,16.167,3.571,22.987,13.679,5.992,86.031,2.478,188.967
3592.375,80.552,76.627,126.034,2.58,224.368,14.65,15.491,13.857,3.625,23.321,13.542,5.976,86.025,2.459,189.361
3592.5,80.409,76.594,125.277,2.58,221.063,15.527,14.351,13.089,3.537,22.003,13.519,6.0,85.5,2.456,189.439
3592.625,79.281,76.555,124.512,2.581,208.555,16.087,16.942,15.651,3.317,19.129,13.413,5.953,84.974,2.442,188.847
3592.875,73.515,72.575,121.993,2.597,166.581,15.938,35.887,32.606,2.688,15.222,11.868,6.019,88.198,2.231,183.152
3593.125,66.5,70.518,118.892,2.616,138.725,16.134,52.692,47.053,2.553,15.652,10.613,6.02,88.201,2.06,176.237
3593.25,66.582,70.518,118.898,2.619,144.206,16.359,51.205,45.549,2.793,17.87,10.535,5.993,88.252,2.05,175.253
3594.0,79.049,74.545,122.879,2.603,185.317,16.348,26.765,23.838,3.412,17.516,11.89,5.993,86.295,2.234,180.757
3594.25,77.155,74.612,123.59,2.599,190.688,16.7,25.289,22.709,3.31,15.575,13.038,6.039,86.583,2.391,182.362
3594.375,76.492,74.612,123.59,2.599,193.579,16.899,25.114,22.532,3.256,14.934,13.553,5.999,86.587,2.461,182.27
3594.5,76.14,74.612,123.59,2.604,195.258,17.14,25.342,22.678,3.237,14.689,13.737,6.002,86.59,2.486,180.552
3594.625,76.03,74.608,123.572,2.61,196.014,17.149,24.48,21.766,3.234,14.601,13.76,6.021,86.593,2.489,178.262
3594.875,75.933,74.181,122.174,2.618,192.296,15.881,17.133,15.017,3.284,14.34,13.383,6.007,86.132,2.438,175.306
3595.0,75.675,73.932,121.804,2.624,187.516,15.131,13.291,11.702,3.301,14.24,13.132,6.021,86.02,2.403,173.309
3595.125,75.145,73.823,121.804,2.628,183.628,14.626,11.365,10.169,3.3,14.349,13.035,6.026,86.232,2.39,171.863
3595.25,74.513,73.823,121.804,2.625,181.938,14.331,11.807,10.749,3.303,14.823,13.011,6.003,86.235,2.387,172.929
3595.5,74.569,73.823,121.804,2.607,183.942,14.61,19.062,17.434,3.434,17.014,13.048,6.039,86.242,2.392,179.449
3595.625,75.89,73.823,122.115,2.604,189.472,15.396,23.771,21.52,3.557,18.145,13.002,6.084,86.384,2.386,180.626
3595.875,79.032,74.802,123.535,2.6,208.668,16.813,28.826,25.839,3.639,19.785,13.488,6.037,86.458,2.452,182.041
3596.0,79.645,75.651,124.516,2.593,216.829,16.881,30.501,27.302,3.579,20.197,14.127,6.054,86.064,2.539,184.659
3596.375,79.507,76.649,127.188,2.577,227.133,17.312,24.186,20.761,3.389,19.765,15.416,6.074,86.897,2.714,190.313
3596.5,79.386,76.803,127.493,2.584,226.769,17.933,16.442,13.916,3.364,19.262,15.798,6.071,86.684,2.767,187.915
3596.625,79.468,76.827,128.11,2.588,224.838,18.471,9.898,8.386,3.389,18.505,16.087,6.043,87.217,2.806,186.254
3597.875,74.914,72.494,122.156,2.583,206.944,15.697,17.62,16.458,3.511,21.524,13.652,6.09,88.136,2.474,188.096
3598.25,70.714,68.724,116.46,2.581,197.08,15.75,25.742,23.638,2.58,18.869,15.202,6.087,88.936,2.364,132.223
3598.375,69.086,67.469,114.242,2.571,192.888,14.945,29.687,27.317,2.432,17.855,15.65,6.108,88.809,2.298,135.698
3598.625,66.619,66.232,109.422,2.542,184.957,12.049,47.629,42.856,2.426,16.554,15.595,6.078,86.644,2.298,146.5
3599.0,67.3,66.232,108.754,2.545,176.182,12.075,52.206,44.766,3.006,17.232,13.278,6.109,85.872,2.563,145.21
3599.125,67.844,66.232,110.29,2.557,178.839,12.709,40.109,34.017,3.144,17.735,12.775,6.102,86.609,2.695,140.985
3599.75,72.168,69.42,117.339,2.599,207.14,15.083,10.797,9.757,3.135,19.865,13.306,6.198,88.61,3.087,125.807
3600.25,72.528,71.495,118.804,2.589,173.888,14.988,34.343,31.039,2.624,16.338,13.492,6.153,87.104,3.117,129.373
3600.875,74.113,72.019,119.581,2.592,187.688,14.918,31.356,28.006,3.005,17.101,11.264,6.104,86.963,2.763,128.094
3601.125,74.175,71.86,119.734,2.611,181.029,15.364,25.713,22.903,3.195,18.127,10.202,6.121,87.242,2.594,121.477
3601.375,73.805,71.775,119.734,2.603,174.614,16.248,29.342,26.323,3.227,18.787,9.715,6.133,87.443,2.517,124.293
3601.5,73.692,71.791,119.734,2.597,172.903,16.233,33.724,30.414,3.207,18.771,9.762,6.126,87.431,2.525,126.391
3601.625,73.627,71.83,119.734,2.597,172.25,15.884,37.754,34.143,3.185,18.418,9.981,6.157,87.387,2.559,126.347
3601.75,73.556,71.832,119.516,2.6,173.005,15.364,40.181,36.315,3.171,17.804,10.319,6.205,87.253,2.613,125.313
3602.0,73.961,71.812,119.379,2.601,173.396,14.38,40.908,36.576,3.187,16.68,10.827,6.136,87.134,2.694,125.093
3602.125,74.0,71.778,119.186,2.609,172.951,14.256,40.981,36.542,3.223,16.449,10.88,6.134,87.095,2.702,122.203
3602.75,72.162,71.222,118.813,2.569,175.136,13.839,35.11,32.231,3.26,16.772,10.46,6.2,87.475,2.635,136.683
3602.875,72.019,71.222,118.817,2.561,169.81,13.856,35.761,32.457,3.203,16.622,10.618,6.185,87.478,2.66,139.463
3603.0,71.803,71.222,118.84,2.563,166.538,14.135,35.534,31.781,3.145,16.466,10.809,6.155,87.498,2.691,138.861
3603.125,71.743,71.222,119.057,2.565,169.346,14.52,32.686,28.896,3.063,16.528,10.981,6.179,87.627,2.718,138.113
3603.375,72.004,71.655,120.34,2.571,182.748,15.566,21.365,19.079,2.758,18.175,11.533,6.187,88.056,2.806,136.027
3603.5,72.73,71.919,120.668,2.579,185.417,16.098,17.91,16.358,2.677,18.975,11.681,6.233,88.302,2.829,133.051
3603.75,74.283,72.483,120.697,2.588,182.98,16.26,20.799,19.397,2.622,19.642,11.609,6.232,87.32,2.818,129.582
3604.0,74.09,72.483,120.84,2.575,180.251,15.982,34.297,31.144,2.618,19.937,11.58,6.191,87.416,2.813,134.403
3604.125,73.654,72.483,120.854,2.571,181.96,16.096,39.764,35.723,2.654,20.133,11.483,6.227,87.491,2.798,136.008
3604.25,73.366,72.468,120.757,2.569,184.674,16.392,41.739,37.45,2.703,20.515,11.367,6.256,87.395,2.779,136.544
3604.625,73.267,72.338,120.707,2.561,182.082,16.355,38.751,35.426,2.996,21.653,10.624,6.206,87.544,2.661,139.608
3605.125,72.993,72.195,120.757,2.554,185.794,15.559,22.408,19.856,3.182,21.431,10.028,6.261,87.79,2.567,141.882
3605.25,73.59,72.195,120.722,2.565,190.441,15.794,17.261,15.448,3.086,21.241,10.277,6.248,87.775,2.606,138.012
3605.5,74.981,72.168,120.672,2.567,196.169,16.052,13.596,12.466,2.793,21.152,11.242,6.25,87.759,2.76,137.442
3605.625,75.542,72.125,120.591,2.56,196.683,16.165,14.583,13.52,2.728,21.245,11.424,6.276,87.788,2.788,139.959
3605.75,75.511,72.124,120.433,2.563,195.148,16.189,17.759,16.512,2.704,21.246,11.416,6.262,87.693,2.787,138.795
3606.0,72.719,72.057,119.207,2.615,188.048,15.445,30.92,28.426,2.734,20.472,11.221,6.299,86.794,2.756,119.928
3606.125,71.631,71.932,118.425,2.634,185.879,14.71,38.294,35.056,2.775,19.842,11.092,6.286,86.514,2.736,112.947
3606.25,71.213,71.587,117.324,2.63,184.008,13.999,43.035,39.273,2.841,18.999,10.937,6.309,85.868,2.711,114.401
3606.625,72.115,69.582,115.619,2.58,172.544,13.911,33.089,30.023,2.984,17.155,10.424,6.361,86.961,2.63,132.66
3606.875,71.618,69.276,115.351,2.578,174.244,14.514,24.426,22.925,2.941,17.592,10.197,6.317,87.397,2.594,133.478
3607.125,70.72,69.27,115.305,2.582,176.431,14.835,31.43,29.156,2.852,18.491,10.125,6.334,87.392,2.582,131.787
3607.25,70.47,69.256,115.09,2.585,176.741,14.48,40.176,36.942,2.789,18.926,10.157,6.351,87.269,2.587,130.929
3607.375,70.326,69.254,115.016,2.583,174.868,14.01,48.178,44.155,2.733,19.115,10.244,6.35,87.177,2.601,131.471
3608.0,70.398,69.335,114.96,2.594,170.401,13.977,49.243,44.376,2.631,17.748,11.103,6.375,87.021,2.737,127.597
3608.125,70.804,69.38,114.998,2.603,172.01,13.924,49.98,45.079,2.641,17.481,11.259,6.362,87.008,2.762,124.22
3608.25,71.122,69.395,114.98,2.605,174.85,13.951,50.623,45.795,2.648,17.345,11.364,6.357,86.972,2.779,123.515
3609.375,71.327,68.564,113.993,2.571,168.394,12.939,56.077,51.026,2.813,16.216,10.481,6.389,87.193,2.639,135.925
3609.625,71.255,68.223,114.141,2.591,163.159,13.102,46.96,41.454,2.841,16.234,10.264,6.418,87.858,2.604,128.616
3610.0,72.186,68.223,113.637,2.573,157.474,12.966,13.395,11.702,2.891,16.954,10.317,6.382,87.554,2.613,135.103
3610.5,70.213,68.629,114.141,2.568,164.236,12.574,37.78,35.725,2.97,18.766,9.835,6.412,87.435,2.536,136.866
3610.625,69.859,68.801,114.141,2.566,164.059,12.124,50.311,46.986,2.9,18.94,9.876,6.419,87.218,2.543,137.556
3610.75,69.777,69.049,114.141,2.564,165.285,11.98,56.172,52.048,2.787,18.807,10.065,6.436,86.909,2.573,138.585
3610.875,70.396,69.181,114.141,2.562,167.269,12.108,55.8,51.466,2.627,18.345,10.5,6.438,86.668,2.642,139.039
3611.25,71.377,69.521,114.807,2.568,160.54,13.042,49.909,45.445,2.2,16.907,12.07,6.453,86.698,2.891,137.124
3611.5,72.045,70.087,115.505,2.571,162.555,12.965,39.771,36.296,2.254,16.707,12.767,6.484,86.59,3.002,136.04
3612.0,73.358,70.935,116.488,2.56,172.747,13.899,38.162,35.45,2.763,16.294,12.515,6.489,86.18,2.962,139.758
3612.25,73.704,71.644,118.348,2.553,177.231,14.127,44.49,39.706,2.967,16.142,12.351,6.48,86.595,2.935,142.38
3612.375,73.875,72.413,118.958,2.563,182.25,13.724,39.233,34.374,3.063,16.421,12.466,6.447,86.635,2.954,138.93
3612.5,74.318,73.071,119.704,2.581,188.172,13.451,28.77,24.816,3.118,16.985,12.75,6.481,85.612,2.999,132.062
3612.625,75.238,73.229,121.122,2.599,191.81,13.563,17.629,15.113,3.119,17.313,13.123,6.476,86.858,3.058,155.592
3612.75,76.501,73.864,121.268,2.605,192.548,14.063,10.22,8.916,3.086,17.286,13.509,6.488,86.42,3.119,153.642
3613.0,78.367,74.596,122.81,2.567,202.567,15.076,6.27,6.042,2.938,16.797,14.612,6.497,86.234,3.294,167.357
3613.375,81.298,76.202,124.278,2.542,237.383,14.947,15.747,14.964,2.664,14.31,19.695,6.512,85.738,4.101,176.443
3613.625,82.644,76.202,124.278,2.55,239.247,16.639,33.911,31.559,2.475,13.957,20.156,6.515,85.598,4.174,173.372
3613.75,82.505,76.202,124.278,2.55,236.747,16.769,43.676,40.352,2.397,13.826,20.302,6.534,85.601,4.197,173.378
3613.875,81.531,76.202,123.863,2.55,233.722,16.139,53.586,49.181,2.309,13.784,20.222,6.531,85.521,4.184,173.507
3614.0,80.457,76.083,122.737,2.55,228.912,15.206,64.677,58.98,2.201,13.884,19.589,6.54,84.767,4.084,173.436
3614.125,79.32,75.475,121.08,2.551,220.693,14.367,73.692,66.553,2.142,14.091,18.63,6.529,84.227,3.932,173.258
3614.5,77.472,74.635,119.653,2.535,190.314,12.816,41.859,35.997,2.348,13.549,15.991,6.57,84.234,3.513,178.979
3614.75,78.189,73.951,118.359,2.519,184.44,12.891,20.555,18.111,2.387,13.735,15.636,6.537,83.815,3.457,184.712
3614.875,78.066,73.917,118.286,2.516,188.423,12.652,21.331,19.359,2.413,13.816,15.539,6.568,83.862,3.441,185.712
3615.0,78.139,73.648,118.277,2.523,194.904,12.005,26.63,24.413,2.433,14.361,15.48,6.559,84.077,3.432,183.44
3615.125,78.203,73.543,118.277,2.523,201.813,11.433,33.648,30.757,2.442,15.445,15.703,6.576,84.326,3.467,183.44
3615.25,77.533,73.54,118.277,2.536,207.248,11.396,38.432,34.959,2.444,16.327,16.215,6.563,84.335,3.549,178.714
3615.5,78.168,73.498,118.279,2.571,208.958,12.588,36.55,32.75,2.433,16.263,17.197,6.57,84.381,3.705,166.006
3615.625,78.019,73.498,118.753,2.581,207.128,12.965,35.402,31.307,2.419,15.983,17.565,6.564,84.658,3.763,162.394
3615.875,78.428,73.517,119.674,2.591,219.887,12.313,40.592,35.574,2.482,16.03,19.743,6.652,85.463,4.109,158.599
3616.0,78.557,73.663,119.75,2.591,236.907,11.988,42.594,37.332,2.48,16.652,21.35,6.593,85.492,4.364,158.599
3616.25,78.781,73.973,119.75,2.558,257.117,13.018,40.527,35.67,2.393,16.815,22.422,6.571,84.967,4.534,170.522
3616.625,76.928,73.714,119.312,2.539,227.65,13.828,29.018,26.554,2.013,13.83,22.247,6.602,84.971,4.506,177.365
3616.75,75.994,73.106,118.475,2.534,218.998,13.331,25.454,23.305,2.006,13.335,22.048,6.615,84.943,4.474,179.269
3616.875,75.091,72.337,117.911,2.529,214.731,12.986,23.623,21.41,2.01,13.02,22.007,6.576,85.477,4.468,181.012
3617.0,74.776,71.802,116.979,2.529,216.541,12.858,23.756,21.369,2.009,12.491,22.207,6.602,85.598,4.5,181.012
3617.125,74.936,71.423,116.804,2.518,224.058,12.749,27.212,24.51,2.018,11.384,23.172,6.601,85.806,4.653,185.014
3617.375,75.373,71.226,116.221,2.522,255.535,12.136,45.999,41.488,2.045,9.489,26.777,6.601,85.73,5.225,183.792
3617.75,76.191,71.09,115.74,2.533,286.05,12.514,82.242,72.512,2.016,10.119,29.183,6.589,85.561,5.607,179.738
3617.875,75.281,70.751,115.678,2.529,275.222,12.931,80.872,71.329,1.966,11.084,27.669,6.62,85.762,5.366,181.246
3618.0,73.737,69.708,114.443,2.528,257.859,12.888,69.881,61.874,1.884,11.84,25.536,6.62,86.279,5.028,181.608
3618.5,69.02,68.154,111.921,2.566,214.271,10.29,40.373,36.719,1.349,10.231,23.605,6.665,86.37,4.721,167.834
3618.75,69.81,68.18,111.921,2.553,221.987,9.757,63.909,58.433,1.292,10.293,24.757,6.614,86.368,4.904,172.587
3619.125,73.075,68.461,113.009,2.516,308.688,9.289,65.996,58.199,1.94,14.616,32.281,6.674,86.687,6.098,185.949
3619.875,74.728,69.582,115.795,2.503,236.132,12.824,8.298,7.261,2.414,12.239,18.9,6.695,87.679,4.91,190.554
3620.625,73.675,69.985,112.088,2.505,159.036,13.087,18.714,16.675,1.988,10.621,11.791,6.685,84.208,3.656,173.121
3621.125,75.49,69.966,111.354,2.524,157.347,12.226,66.007,58.335,2.096,9.074,13.204,6.723,83.497,3.956,166.347
3621.625,74.5,69.147,112.452,2.512,150.543,12.437,50.659,44.029,1.935,12.357,10.911,6.698,85.207,3.561,170.678
3621.75,74.525,68.39,112.452,2.512,149.471,12.407,46.807,41.032,1.949,12.906,10.466,6.699,86.267,3.495,170.46
3622.0,75.178,68.14,111.85,2.533,149.738,11.913,49.185,43.339,2.265,12.804,11.547,6.7,86.522,3.628,162.842
3622.125,75.619,67.961,111.531,2.544,154.722,11.453,51.884,45.745,2.419,13.316,12.345,6.699,86.329,3.738,159.067
3622.375,74.076,67.138,109.581,2.556,162.654,10.952,59.013,52.235,2.311,13.965,12.585,6.721,86.031,3.853,154.56
3622.5,71.914,66.992,108.825,2.562,156.498,10.923,68.374,60.649,2.164,14.571,12.697,6.679,85.581,3.846,152.392
3622.625,69.782,66.981,108.766,2.565,145.541,10.825,87.819,77.347,2.032,15.003,12.74,6.755,85.412,3.78,151.534
3622.75,68.247,66.981,108.097,2.562,135.083,10.595,110.959,96.016,1.98,15.019,11.849,6.714,85.089,3.648,152.63
3622.875,68.248,66.981,107.604,2.557,129.807,10.322,118.04,100.327,2.035,15.071,10.615,6.725,84.416,3.475,154.316
3623.125,71.425,66.981,107.604,2.564,130.532,10.233,69.069,57.364,2.223,15.167,9.348,6.727,84.422,3.165,151.688
3623.25,73.316,66.981,107.604,2.571,134.087,10.453,44.91,37.405,2.358,14.849,8.807,6.754,84.425,3.05,149.306
3623.5,74.501,66.687,109.819,2.556,137.72,10.918,30.316,25.519,2.735,13.195,7.885,6.734,86.22,2.839,154.749
3623.875,74.749,66.517,112.106,2.507,137.281,10.421,26.591,22.578,3.009,10.509,8.143,6.731,88.988,2.507,172.554
3624.125,73.381,66.313,112.106,2.515,137.96,9.822,25.326,21.777,2.981,11.013,8.168,6.712,89.291,2.467,169.632
3624.625,68.505,66.241,110.336,2.569,143.342,7.573,42.49,36.88,2.752,13.288,7.261,6.769,88.28,2.364,150.1
3624.875,66.435,64.967,105.965,2.564,131.864,8.07,71.325,62.365,2.693,14.105,6.012,6.746,85.961,2.364,151.894
3625.25,63.506,59.99,104.157,2.546,119.251,10.268,89.071,76.623,3.03,16.756,4.802,6.775,90.481,2.206,158.402
3625.625,64.923,59.289,106.0,2.552,126.354,12.257,60.695,52.204,3.348,18.192,4.305,6.796,95.989,2.112,156.257
3626.0,69.881,64.424,109.487,2.56,146.299,14.952,35.011,29.93,3.517,18.899,6.156,6.782,90.59,2.03,153.193
3626.125,70.07,65.639,111.544,2.566,150.716,15.91,30.223,25.874,3.457,18.91,6.772,6.804,89.748,1.99,150.962
3626.25,69.827,66.64,113.387,2.573,153.697,16.462,27.806,23.819,3.424,18.605,7.111,6.829,89.96,1.961,148.64
3626.375,69.511,67.242,114.615,2.579,155.807,16.427,27.03,23.161,3.381,18.226,7.396,6.837,90.035,1.947,146.377
3626.5,69.234,67.34,115.11,2.59,157.131,15.988,27.357,23.541,3.339,17.715,7.717,6.836,90.396,1.941,142.39
3626.625,69.463,67.34,115.11,2.611,157.288,15.514,28.193,24.457,3.314,17.059,8.041,6.877,90.429,1.835,134.658
3626.875,70.541,67.34,115.151,2.674,156.244,15.3,29.713,25.98,3.309,16.214,8.467,6.855,90.471,1.782,111.855
3627.25,68.537,67.283,115.087,2.703,155.869,14.833,29.244,25.593,3.395,17.507,8.027,6.819,90.504,1.571,87.742
3628.0,66.623,66.331,114.012,2.711,156.159,14.175,26.2,22.71,3.358,21.433,6.488,6.868,91.079,1.513,84.876
3628.375,66.516,64.88,112.628,2.713,155.885,14.721,28.482,25.318,3.184,21.485,6.503,6.889,91.704,1.521,84.416
3628.625,67.024,64.012,111.947,2.717,153.349,14.077,31.656,28.377,3.147,20.509,6.339,6.864,92.741,1.497,82.939
3628.875,65.842,63.24,109.946,2.707,148.629,12.882,36.982,33.432,3.124,19.134,5.928,6.904,92.215,1.459,86.544
3629.25,64.074,62.198,106.901,2.703,146.113,11.76,47.033,43.273,2.885,17.903,5.776,6.928,90.978,1.437,87.89
3630.0,59.57,58.059,98.615,2.711,122.584,7.537,75.994,70.122,2.399,15.295,5.26,6.972,89.867,0.0,10.0
3630.25,60.647,59.512,98.615,2.709,116.287,7.938,68.69,63.001,2.411,13.461,6.058,6.961,88.289,0.0,10.0
3631.125,61.943,58.019,103.223,2.685,130.541,10.017,50.896,47.778,2.472,12.633,6.987,6.953,94.129,0.0,10.0
3631.5,56.793,54.387,102.311,2.672,96.272,6.173,258.672,248.993,1.62,8.361,5.753,6.963,99.581,0.0,10.0
3631.875,54.288,52.114,100.043,2.679,79.934,3.362,411.803,381.388,1.547,8.613,5.16,6.924,101.821,0.0,10.0
3632.0,55.165,51.607,99.037,2.683,78.632,3.683,285.315,262.109,1.629,9.563,4.942,6.95,102.457,0.0,10.0
3632.375,59.163,53.851,98.367,2.706,87.161,7.613,74.588,69.481,2.179,15.997,3.552,6.937,97.136,0.0,10.0
3632.625,60.423,53.998,99.536,2.706,105.36,8.957,75.446,72.486,2.127,16.503,3.852,6.977,98.024,0.0,10.0
3633.125,55.722,54.692,99.856,2.691,98.679,6.004,227.725,222.466,1.638,11.641,4.622,6.901,96.903,0.0,10.0
3633.25,54.426,53.5,99.1,2.687,95.263,5.717,309.344,302.773,1.623,11.41,4.594,6.96,97.914,0.0,10.0
3633.375,53.599,52.259,98.344,2.686,91.891,5.376,455.654,445.53,1.562,10.889,4.511,6.945,99.894,0.0,10.0
3633.5,52.93,51.503,97.588,2.691,88.236,4.915,698.098,674.336,1.466,10.379,4.281,6.961,100.574,0.0,10.0
3633.875,51.403,50.293,96.771,2.711,74.229,3.607,795.915,724.419,,,3.862,6.947,102.77,0.0,10.0
3634.25,55.263,52.669,102.409,2.706,78.256,5.931,77.723,68.169,,,,6.901,103.292,0.0,10.0
3634.375,59.664,55.693,104.668,2.704,90.232,8.513,35.627,31.966,,,,6.893,101.037,0.0,10.0
3634.75,68.144,58.993,106.623,2.704,90.306,16.498,28.71,27.966,,,,6.905,96.341,0.0,10.0
3635.5,52.135,50.606,95.26,2.689,69.167,3.822,463.788,430.147,,,,6.881,100.163,0.0,10.0
3635.625,52.631,50.507,95.143,2.692,67.538,4.014,317.526,292.509,,,,6.892,100.232,0.0,10.0
3635.875,52.366,50.349,94.991,2.702,68.593,4.495,158.964,150.491,,,,6.857,100.438,0.0,10.0
3636.0,51.533,50.349,94.84,2.706,70.649,4.465,202.108,194.955,,,,6.895,100.328,0.0,10.0
3636.375,50.412,50.612,94.963,2.731,75.346,3.345,759.053,701.973,,,,6.869,99.87,0.0,10.0
3636.5,50.512,50.536,94.968,2.73,77.155,3.306,683.781,622.876,,,,6.796,99.996,0.0,10.0
3637.25,50.725,49.625,94.337,2.664,81.768,3.749,1497.979,1305.7,,,,6.74,101.2,0.0,10.0
3637.5,49.284,48.978,93.264,2.682,76.708,2.108,6529.747,5558.39,,,,6.84,101.393,0.0,10.0
3637.625,49.403,48.786,93.012,2.687,72.226,1.711,9155.623,7731.477,,,,6.808,101.358,0.0,10.0
3637.75,49.564,48.351,92.837,2.69,68.346,1.561,11537.954,9553.459,,,,6.836,101.998,0.0,10.0
3637.875,49.618,47.906,92.594,2.693,66.804,1.462,14133.157,11318.096,,,,6.852,102.671,0.0,10.0
3638.125,49.532,47.654,92.541,2.693,66.892,1.389,18957.242,14400.997,,,,6.853,103.343,0.0,10.0
3638.25,49.168,47.638,92.482,2.691,65.357,1.536,19590.615,14789.577,,,,6.829,103.343,0.0,10.0
3638.375,48.895,47.598,92.353,2.692,63.176,1.72,18560.98,14071.599,,,,6.808,103.258,0.0,10.0
3638.5,49.1,47.598,92.525,2.697,61.448,1.847,16617.406,12738.505,,,,6.81,103.396,0.0,10.0
3638.625,49.519,47.598,92.761,2.705,60.96,1.962,14323.818,11189.312,,,,6.823,103.628,0.0,10.0
3638.75,49.747,47.598,92.989,2.712,62.542,2.118,11845.317,9483.452,,,,6.837,103.882,0.0,10.0
3639.125,49.202,47.756,93.341,2.717,71.485,2.302,5486.236,4683.937,,,,6.831,104.07,0.0,10.0
3639.875,49.777,49.361,94.3,2.721,63.724,2.761,373.682,327.827,,,,6.791,101.773,0.0,10.0
3640.25,50.895,49.016,94.144,2.719,68.432,2.109,5984.992,5433.52,,,,6.745,101.924,0.0,10.0
3641.875,50.028,47.642,93.512,2.731,68.07,2.515,3814.667,3408.419,,,,6.747,104.506,0.0,10.0
3642.125,50.044,47.637,93.488,2.718,62.756,2.164,6861.435,6043.826,,,,6.754,,0.01,10.0
3642.25,50.112,47.264,92.651,2.711,60.555,2.035,8622.128,7495.368,,,,6.75,,0.01,10.0
3642.5,49.972,46.924,91.91,2.704,61.061,1.865,10473.161,8966.965,,,,6.742,,0.01,10.0
3642.625,50.125,46.924,91.91,2.701,63.051,1.807,11672.26,10020.317,,,,6.73,,0.01,10.0
